qseqid,id,pident,evalue,bitscore,length,tx,superkingdom,kingdom,phylum,class,order,family,genus,species
002cf59cd2e44a32182a87f3c418dd82,EU883400.1,85.748,1e-120,446.0,421,164536,Eukaryota,Fungi,Ascomycota,Leotiomycetes,Helotiales,,Tetracladium,Tetracladium apiense
002cf59cd2e44a32182a87f3c418dd82,EU883392.1,85.748,1e-120,446.0,421,164538,Eukaryota,Fungi,Ascomycota,Leotiomycetes,Helotiales,,Tetracladium,Tetracladium marchalianum
002cf59cd2e44a32182a87f3c418dd82,EU678449.1,85.748,1e-120,446.0,421,290615,Eukaryota,Fungi,Ascomycota,Leotiomycetes,,,Leohumicola,Leohumicola verrucosa
002cf59cd2e44a32182a87f3c418dd82,EU678458.1,85.511,7e-119,440.0,421,290615,Eukaryota,Fungi,Ascomycota,Leotiomycetes,,,Leohumicola,Leohumicola verrucosa
002cf59cd2e44a32182a87f3c418dd82,EU883397.1,85.273,3e-117,435.0,421,552824,Eukaryota,Fungi,Ascomycota,Leotiomycetes,Helotiales,,Tetracladium,Tetracladium breve
002cf59cd2e44a32182a87f3c418dd82,EU678418.1,85.273,3e-117,435.0,421,290615,Eukaryota,Fungi,Ascomycota,Leotiomycetes,,,Leohumicola,Leohumicola verrucosa
002cf59cd2e44a32182a87f3c418dd82,EU883403.1,84.834,7e-114,424.0,422,552825,Eukaryota,Fungi,Ascomycota,Leotiomycetes,Helotiales,,Tetracladium,Tetracladium palmatum
002cf59cd2e44a32182a87f3c418dd82,MK333197.1,84.561,3e-112,418.0,421,71600,Eukaryota,Fungi,Ascomycota,Lecanoromycetes,Ostropales,Graphidaceae,Graphis,Graphis scripta
002cf59cd2e44a32182a87f3c418dd82,EU883411.1,84.561,3e-112,418.0,421,164537,Eukaryota,Fungi,Ascomycota,Leotiomycetes,Helotiales,,Tetracladium,Tetracladium furcatum
002cf59cd2e44a32182a87f3c418dd82,EU883408.1,84.561,3e-112,418.0,421,164540,Eukaryota,Fungi,Ascomycota,Leotiomycetes,Helotiales,,Tetracladium,Tetracladium setigerum
002cf59cd2e44a32182a87f3c418dd82,EU883405.1,84.323,1e-110,412.0,421,164540,Eukaryota,Fungi,Ascomycota,Leotiomycetes,Helotiales,,Tetracladium,Tetracladium setigerum
002cf59cd2e44a32182a87f3c418dd82,KY315996.1,83.848,3e-107,401.0,421,1257147,Eukaryota,Fungi,Ascomycota,Lecanoromycetes,Ostropales,Graphidaceae,Graphis,Graphis lineola
002cf59cd2e44a32182a87f3c418dd82,EU883404.1,83.886,3e-107,401.0,422,164537,Eukaryota,Fungi,Ascomycota,Leotiomycetes,Helotiales,,Tetracladium,Tetracladium furcatum
002cf59cd2e44a32182a87f3c418dd82,FN600275.1,88.146,2e-104,392.0,329,175245,Eukaryota,Fungi,,,,,,uncultured fungus
002cf59cd2e44a32182a87f3c418dd82,MN593345.1,83.491,7e-104,390.0,424,1758292,Eukaryota,Fungi,Ascomycota,Eurotiomycetes,Chaetothyriales,Trichomeriaceae,Arthrocladium,Arthrocladium fulminans
002cf59cd2e44a32182a87f3c418dd82,CP060338.1,83.294,3e-102,385.0,425,318829,Eukaryota,Fungi,Ascomycota,Sordariomycetes,Magnaporthales,Pyriculariaceae,Pyricularia,Pyricularia oryzae
002cf59cd2e44a32182a87f3c418dd82,NC_050879.1,83.135,3e-102,385.0,421,92950,Eukaryota,Fungi,Ascomycota,Dothideomycetes,Cladosporiales,Cladosporiaceae,Cladosporium,Cladosporium sphaerospermum
002cf59cd2e44a32182a87f3c418dd82,MN657181.1,83.135,3e-102,385.0,421,92950,Eukaryota,Fungi,Ascomycota,Dothideomycetes,Cladosporiales,Cladosporiaceae,Cladosporium,Cladosporium sphaerospermum
002cf59cd2e44a32182a87f3c418dd82,FN600336.1,87.576,4e-101,381.0,330,175245,Eukaryota,Fungi,,,,,,uncultured fungus
002cf59cd2e44a32182a87f3c418dd82,FN600313.1,87.576,4e-101,381.0,330,175245,Eukaryota,Fungi,,,,,,uncultured fungus
002cf59cd2e44a32182a87f3c418dd82,FN600306.1,87.576,4e-101,381.0,330,175245,Eukaryota,Fungi,,,,,,uncultured fungus
002cf59cd2e44a32182a87f3c418dd82,FN600303.1,87.576,4e-101,381.0,330,175245,Eukaryota,Fungi,,,,,,uncultured fungus
002cf59cd2e44a32182a87f3c418dd82,FN600191.1,87.576,4e-101,381.0,330,175245,Eukaryota,Fungi,,,,,,uncultured fungus
002cf59cd2e44a32182a87f3c418dd82,FN600325.1,87.273,2e-99,375.0,330,175245,Eukaryota,Fungi,,,,,,uncultured fungus
002cf59cd2e44a32182a87f3c418dd82,FN600320.1,87.273,2e-99,375.0,330,175245,Eukaryota,Fungi,,,,,,uncultured fungus
002cf59cd2e44a32182a87f3c418dd82,FN600208.1,87.273,2e-99,375.0,330,175245,Eukaryota,Fungi,,,,,,uncultured fungus
002cf59cd2e44a32182a87f3c418dd82,LR026995.1,82.933,3e-98,372.0,416,62690,Eukaryota,Fungi,Ascomycota,Leotiomycetes,Erysiphales,Erysiphaceae,Blumeria,Blumeria graminis
002cf59cd2e44a32182a87f3c418dd82,FN600242.1,86.97,9e-98,370.0,330,175245,Eukaryota,Fungi,,,,,,uncultured fungus
002cf59cd2e44a32182a87f3c418dd82,KY775582.1,82.41,2e-95,363.0,415,335852,Eukaryota,Fungi,Ascomycota,Sordariomycetes,Xylariales,Apiosporaceae,Apiospora,Apiospora arundinis
002cf59cd2e44a32182a87f3c418dd82,NC_059911.1,82.494,2e-95,363.0,417,5083,Eukaryota,Fungi,Ascomycota,Eurotiomycetes,Eurotiales,Aspergillaceae,Penicillium,Penicillium canescens
002cf59cd2e44a32182a87f3c418dd82,FJ501236.1,81.991,7e-94,357.0,422,582650,Eukaryota,Fungi,Ascomycota,Sordariomycetes,Hypocreales,Nectriaceae,Fusarium,Fusarium delphinoides
002cf59cd2e44a32182a87f3c418dd82,CP003002.1,82.033,3e-93,355.0,423,573729,Eukaryota,Fungi,Ascomycota,Sordariomycetes,Sordariales,Chaetomiaceae,Thermothelomyces,Thermothelomyces thermophilus
002cf59cd2e44a32182a87f3c418dd82,FN600245.1,88.04,3e-93,355.0,301,175245,Eukaryota,Fungi,,,,,,uncultured fungus
002cf59cd2e44a32182a87f3c418dd82,FN600248.1,86.061,9e-93,353.0,330,175245,Eukaryota,Fungi,,,,,,uncultured fungus
002cf59cd2e44a32182a87f3c418dd82,JN574866.1,81.71,1e-91,350.0,421,57161,Eukaryota,Fungi,Ascomycota,Sordariomycetes,Hypocreales,Nectriaceae,Fusarium,Fusarium decemcellulare
002cf59cd2e44a32182a87f3c418dd82,JN574867.1,81.71,1e-91,350.0,421,57161,Eukaryota,Fungi,Ascomycota,Sordariomycetes,Hypocreales,Nectriaceae,Fusarium,Fusarium decemcellulare
002cf59cd2e44a32182a87f3c418dd82,FJ501232.1,81.71,1e-91,350.0,421,48490,Eukaryota,Fungi,Ascomycota,Sordariomycetes,Hypocreales,Nectriaceae,Fusarium,Fusarium circinatum
002cf59cd2e44a32182a87f3c418dd82,FN600300.1,85.758,4e-91,348.0,330,175245,Eukaryota,Fungi,,,,,,uncultured fungus
002cf59cd2e44a32182a87f3c418dd82,FN599593.1,85.714,4e-91,348.0,329,175245,Eukaryota,Fungi,,,,,,uncultured fungus
002cf59cd2e44a32182a87f3c418dd82,MH924828.1,81.731,2e-90,346.0,416,1755430,Eukaryota,Fungi,Ascomycota,Sordariomycetes,Hypocreales,Nectriaceae,Ilyonectria,Ilyonectria sp.
002cf59cd2e44a32182a87f3c418dd82,AP019407.1,81.517,2e-90,346.0,422,5098,Eukaryota,Fungi,Ascomycota,Eurotiomycetes,Eurotiales,Aspergillaceae,Monascus,Monascus purpureus
002cf59cd2e44a32182a87f3c418dd82,KR952335.1,81.604,2e-90,346.0,424,5082,Eukaryota,Fungi,Ascomycota,Eurotiomycetes,Eurotiales,Aspergillaceae,Penicillium,Penicillium roqueforti
002cf59cd2e44a32182a87f3c418dd82,HQ622809.1,81.775,2e-90,346.0,417,36651,Eukaryota,Fungi,Ascomycota,Eurotiomycetes,Eurotiales,Aspergillaceae,Penicillium,Penicillium digitatum
002cf59cd2e44a32182a87f3c418dd82,AF178444.1,81.473,2e-90,346.0,421,5061,Eukaryota,Fungi,Ascomycota,Eurotiomycetes,Eurotiales,Aspergillaceae,Aspergillus,Aspergillus niger
002cf59cd2e44a32182a87f3c418dd82,AF178443.1,81.473,2e-90,346.0,421,5061,Eukaryota,Fungi,Ascomycota,Eurotiomycetes,Eurotiales,Aspergillaceae,Aspergillus,Aspergillus niger
002cf59cd2e44a32182a87f3c418dd82,FN600329.1,85.455,2e-89,342.0,330,175245,Eukaryota,Fungi,,,,,,uncultured fungus
002cf59cd2e44a32182a87f3c418dd82,FN600241.1,85.41,2e-89,342.0,329,175245,Eukaryota,Fungi,,,,,,uncultured fungus
002cf59cd2e44a32182a87f3c418dd82,LC545447.1,81.28,7e-89,340.0,422,5068,Eukaryota,Fungi,Ascomycota,Eurotiomycetes,Eurotiales,Aspergillaceae,Aspergillus,Aspergillus tubingensis
002cf59cd2e44a32182a87f3c418dd82,NC_040166.1,81.28,7e-89,340.0,422,1069201,Eukaryota,Fungi,Ascomycota,Eurotiomycetes,Eurotiales,Aspergillaceae,Aspergillus,Aspergillus luchuensis
002cf59cd2e44a32182a87f3c418dd82,MK061298.1,81.28,7e-89,340.0,422,1069201,Eukaryota,Fungi,Ascomycota,Eurotiomycetes,Eurotiales,Aspergillaceae,Aspergillus,Aspergillus luchuensis
002cf59cd2e44a32182a87f3c418dd82,LC670769.1,81.28,7e-89,340.0,422,5061,Eukaryota,Fungi,Ascomycota,Eurotiomycetes,Eurotiales,Aspergillaceae,Aspergillus,Aspergillus niger
002cf59cd2e44a32182a87f3c418dd82,MW816869.1,81.28,7e-89,340.0,422,5061,Eukaryota,Fungi,Ascomycota,Eurotiomycetes,Eurotiales,Aspergillaceae,Aspergillus,Aspergillus niger
002cf59cd2e44a32182a87f3c418dd82,AP024442.1,81.28,7e-89,340.0,422,1069201,Eukaryota,Fungi,Ascomycota,Eurotiomycetes,Eurotiales,Aspergillaceae,Aspergillus,Aspergillus luchuensis
002cf59cd2e44a32182a87f3c418dd82,AP024433.1,81.28,7e-89,340.0,422,1069201,Eukaryota,Fungi,Ascomycota,Eurotiomycetes,Eurotiales,Aspergillaceae,Aspergillus,Aspergillus luchuensis
002cf59cd2e44a32182a87f3c418dd82,AP012272.1,81.28,7e-89,340.0,422,1033177,Eukaryota,Fungi,Ascomycota,Eurotiomycetes,Eurotiales,Aspergillaceae,Aspergillus,Aspergillus luchuensis
002cf59cd2e44a32182a87f3c418dd82,FJ501249.1,81.579,7e-89,340.0,418,78410,Eukaryota,Fungi,Ascomycota,Sordariomycetes,Hypocreales,Nectriaceae,Neonectria,Neonectria ditissima
002cf59cd2e44a32182a87f3c418dd82,FJ501244.1,81.412,7e-89,340.0,425,169388,Eukaryota,Fungi,Ascomycota,Sordariomycetes,Hypocreales,Nectriaceae,Fusarium,Fusarium solani
002cf59cd2e44a32182a87f3c418dd82,AF177534.1,81.28,7e-89,340.0,422,5061,Eukaryota,Fungi,Ascomycota,Eurotiomycetes,Eurotiales,Aspergillaceae,Aspergillus,Aspergillus niger
002cf59cd2e44a32182a87f3c418dd82,DQ207726.1,81.28,7e-89,340.0,422,5061,Eukaryota,Fungi,Ascomycota,Eurotiomycetes,Eurotiales,Aspergillaceae,Aspergillus,Aspergillus niger
002cf59cd2e44a32182a87f3c418dd82,AF178445.1,81.28,7e-89,340.0,422,5061,Eukaryota,Fungi,Ascomycota,Eurotiomycetes,Eurotiales,Aspergillaceae,Aspergillus,Aspergillus niger
002cf59cd2e44a32182a87f3c418dd82,FN640487.1,84.802,4e-86,331.0,329,175245,Eukaryota,Fungi,,,,,,uncultured fungus
002cf59cd2e44a32182a87f3c418dd82,FN600263.1,84.802,4e-86,331.0,329,175245,Eukaryota,Fungi,,,,,,uncultured fungus
002cf59cd2e44a32182a87f3c418dd82,FJ544551.1,81.527,4e-86,331.0,406,281068,Eukaryota,Fungi,Ascomycota,Sordariomycetes,Hypocreales,Nectriaceae,Fusarium,Fusarium cortaderiae
002cf59cd2e44a32182a87f3c418dd82,KX061492.1,81.146,2e-85,329.0,419,37998,Eukaryota,Fungi,Ascomycota,Sordariomycetes,Hypocreales,Cordycipitaceae,Parengyodontium,Parengyodontium album
002cf59cd2e44a32182a87f3c418dd82,JN574860.1,81.01,2e-85,329.0,416,1053259,Eukaryota,Fungi,Ascomycota,Sordariomycetes,Hypocreales,Nectriaceae,Thelonectria,Thelonectria discophora
002cf59cd2e44a32182a87f3c418dd82,JN696111.1,81.055,2e-85,329.0,417,60172,Eukaryota,Fungi,Ascomycota,Eurotiomycetes,Eurotiales,Aspergillaceae,Penicillium,Penicillium solitum
002cf59cd2e44a32182a87f3c418dd82,FN640544.1,84.498,2e-84,326.0,329,175245,Eukaryota,Fungi,,,,,,uncultured fungus
002cf59cd2e44a32182a87f3c418dd82,FN600274.1,84.498,2e-84,326.0,329,175245,Eukaryota,Fungi,,,,,,uncultured fungus
002cf59cd2e44a32182a87f3c418dd82,FN600272.1,84.545,2e-84,326.0,330,175245,Eukaryota,Fungi,,,,,,uncultured fungus
002cf59cd2e44a32182a87f3c418dd82,KR952336.1,80.815,7e-84,324.0,417,229535,Eukaryota,Fungi,Ascomycota,Eurotiomycetes,Eurotiales,Aspergillaceae,Penicillium,Penicillium nordicum
002cf59cd2e44a32182a87f3c418dd82,JN574874.1,80.769,7e-84,324.0,416,1053259,Eukaryota,Fungi,Ascomycota,Sordariomycetes,Hypocreales,Nectriaceae,Thelonectria,Thelonectria discophora
002cf59cd2e44a32182a87f3c418dd82,JN574859.1,80.723,7e-84,324.0,415,755242,Eukaryota,Fungi,Ascomycota,Sordariomycetes,Hypocreales,Nectriaceae,Cosmospora,Cosmospora meliopsicola
002cf59cd2e44a32182a87f3c418dd82,FN640546.1,84.195,9e-83,320.0,329,175245,Eukaryota,Fungi,,,,,,uncultured fungus
002cf59cd2e44a32182a87f3c418dd82,FN640540.1,84.195,9e-83,320.0,329,175245,Eukaryota,Fungi,,,,,,uncultured fungus
002cf59cd2e44a32182a87f3c418dd82,FN640511.1,84.195,9e-83,320.0,329,175245,Eukaryota,Fungi,,,,,,uncultured fungus
002cf59cd2e44a32182a87f3c418dd82,NC_060510.1,80.332,3e-82,318.0,422,80383,Eukaryota,Fungi,Ascomycota,Sordariomycetes,Hypocreales,Stachybotryaceae,Stachybotrys,Stachybotrys echinatus
002cf59cd2e44a32182a87f3c418dd82,FN640539.1,84.639,3e-82,318.0,319,175245,Eukaryota,Fungi,,,,,,uncultured fungus
002cf59cd2e44a32182a87f3c418dd82,FN640490.1,83.891,4e-81,315.0,329,175245,Eukaryota,Fungi,,,,,,uncultured fungus
002cf59cd2e44a32182a87f3c418dd82,FN600269.1,83.939,4e-81,315.0,330,175245,Eukaryota,Fungi,,,,,,uncultured fungus
002cf59cd2e44a32182a87f3c418dd82,FN600250.1,83.891,4e-81,315.0,329,175245,Eukaryota,Fungi,,,,,,uncultured fungus
002cf59cd2e44a32182a87f3c418dd82,FN599597.1,83.891,4e-81,315.0,329,175245,Eukaryota,Fungi,,,,,,uncultured fungus
002cf59cd2e44a32182a87f3c418dd82,NC_056323.1,84.494,6e-80,311.0,316,59586,Eukaryota,Fungi,Ascomycota,Dothideomycetes,Pleosporales,Corynesporascaceae,Corynespora,Corynespora cassiicola
002cf59cd2e44a32182a87f3c418dd82,KU530219.1,80.096,7e-79,307.0,417,60169,Eukaryota,Fungi,Ascomycota,Eurotiomycetes,Eurotiales,Aspergillaceae,Penicillium,Penicillium polonicum
002cf59cd2e44a32182a87f3c418dd82,KP296921.1,80.44,7e-79,307.0,409,33203,Eukaryota,Fungi,Ascomycota,Sordariomycetes,Hypocreales,Ophiocordycipitaceae,Purpureocillium,Purpureocillium lilacinum
002cf59cd2e44a32182a87f3c418dd82,FN599599.1,83.537,7e-79,307.0,328,175245,Eukaryota,Fungi,,,,,,uncultured fungus
002cf59cd2e44a32182a87f3c418dd82,AF178448.1,82.254,7e-79,307.0,355,5061,Eukaryota,Fungi,Ascomycota,Eurotiomycetes,Eurotiales,Aspergillaceae,Aspergillus,Aspergillus niger
002cf59cd2e44a32182a87f3c418dd82,AF178447.1,82.254,7e-79,307.0,355,5061,Eukaryota,Fungi,Ascomycota,Eurotiomycetes,Eurotiales,Aspergillaceae,Aspergillus,Aspergillus niger
002cf59cd2e44a32182a87f3c418dd82,FN599552.1,83.232,3e-77,302.0,328,175245,Eukaryota,Fungi,,,,,,uncultured fungus
002cf59cd2e44a32182a87f3c418dd82,AF178446.1,82.022,3e-77,302.0,356,5061,Eukaryota,Fungi,Ascomycota,Eurotiomycetes,Eurotiales,Aspergillaceae,Aspergillus,Aspergillus niger
002cf59cd2e44a32182a87f3c418dd82,DQ198455.1,79.902,1e-76,300.0,408,85929,Eukaryota,Fungi,Ascomycota,Dothideomycetes,Mycosphaerellales,Mycosphaerellaceae,Sphaerulina,Sphaerulina musiva
002cf59cd2e44a32182a87f3c418dd82,NC_047444.1,79.433,6e-75,294.0,423,5077,Eukaryota,Fungi,Ascomycota,Eurotiomycetes,Eurotiales,Aspergillaceae,Penicillium,Penicillium citrinum
002cf59cd2e44a32182a87f3c418dd82,MK919205.1,79.433,6e-75,294.0,423,5077,Eukaryota,Fungi,Ascomycota,Eurotiomycetes,Eurotiales,Aspergillaceae,Penicillium,Penicillium citrinum
002cf59cd2e44a32182a87f3c418dd82,MN960691.1,79.433,6e-75,294.0,423,5081,Eukaryota,Fungi,Ascomycota,Eurotiomycetes,Eurotiales,Aspergillaceae,Penicillium,Penicillium sp.
002cf59cd2e44a32182a87f3c418dd82,DQ198454.1,80.203,6e-75,294.0,394,85929,Eukaryota,Fungi,Ascomycota,Dothideomycetes,Mycosphaerellales,Mycosphaerellaceae,Sphaerulina,Sphaerulina musiva
002cf59cd2e44a32182a87f3c418dd82,FN599602.1,82.675,2e-74,292.0,329,175245,Eukaryota,Fungi,,,,,,uncultured fungus
002cf59cd2e44a32182a87f3c418dd82,FN640538.1,82.53,9e-73,287.0,332,175245,Eukaryota,Fungi,,,,,,uncultured fungus
002cf59cd2e44a32182a87f3c418dd82,FN640486.1,82.371,9e-73,287.0,329,175245,Eukaryota,Fungi,,,,,,uncultured fungus
002cf59cd2e44a32182a87f3c418dd82,FN599601.1,82.371,9e-73,287.0,329,175245,Eukaryota,Fungi,,,,,,uncultured fungus
002cf59cd2e44a32182a87f3c418dd82,FN599564.1,82.371,9e-73,287.0,329,175245,Eukaryota,Fungi,,,,,,uncultured fungus
002cf59cd2e44a32182a87f3c418dd82,KR099129.1,82.462,1e-71,283.0,325,1760366,Eukaryota,Metazoa,Arthropoda,Arachnida,,,,Arachnida sp. BOLD:ACM9770
002cf59cd2e44a32182a87f3c418dd82,FN600279.1,82.067,4e-71,281.0,329,175245,Eukaryota,Fungi,,,,,,uncultured fungus
002cf59cd2e44a32182a87f3c418dd82,FN599616.1,82.067,4e-71,281.0,329,175245,Eukaryota,Fungi,,,,,,uncultured fungus
002cf59cd2e44a32182a87f3c418dd82,FN599605.1,82.067,4e-71,281.0,329,175245,Eukaryota,Fungi,,,,,,uncultured fungus
002cf59cd2e44a32182a87f3c418dd82,FN599557.1,82.067,4e-71,281.0,329,175245,Eukaryota,Fungi,,,,,,uncultured fungus
002cf59cd2e44a32182a87f3c418dd82,JN626048.1,83.279,6e-70,278.0,305,1134121,Eukaryota,Fungi,Ascomycota,Eurotiomycetes,Eurotiales,Aspergillaceae,Penicillium,Penicillium levitum
002cf59cd2e44a32182a87f3c418dd82,KM042211.1,82.595,2e-69,276.0,316,62722,Eukaryota,Fungi,Ascomycota,Leotiomycetes,Helotiales,Mollisiaceae,Phialocephala,Phialocephala fortinii
002cf59cd2e44a32182a87f3c418dd82,FN599610.1,81.763,2e-69,276.0,329,175245,Eukaryota,Fungi,,,,,,uncultured fungus
002cf59cd2e44a32182a87f3c418dd82,FN599606.1,81.763,2e-69,276.0,329,175245,Eukaryota,Fungi,,,,,,uncultured fungus
002cf59cd2e44a32182a87f3c418dd82,FN599592.1,81.763,2e-69,276.0,329,175245,Eukaryota,Fungi,,,,,,uncultured fungus
002cf59cd2e44a32182a87f3c418dd82,FN599573.1,81.763,2e-69,276.0,329,175245,Eukaryota,Fungi,,,,,,uncultured fungus
002cf59cd2e44a32182a87f3c418dd82,FN599563.1,81.763,2e-69,276.0,329,175245,Eukaryota,Fungi,,,,,,uncultured fungus
002cf59cd2e44a32182a87f3c418dd82,AY802759.1,82.132,7e-69,274.0,319,5068,Eukaryota,Fungi,Ascomycota,Eurotiomycetes,Eurotiales,Aspergillaceae,Aspergillus,Aspergillus tubingensis
002cf59cd2e44a32182a87f3c418dd82,AF271619.2,82.132,7e-69,274.0,319,5068,Eukaryota,Fungi,Ascomycota,Eurotiomycetes,Eurotiales,Aspergillaceae,Aspergillus,Aspergillus tubingensis
002cf59cd2e44a32182a87f3c418dd82,DQ217399.1,82.132,7e-69,274.0,319,5068,Eukaryota,Fungi,Ascomycota,Eurotiomycetes,Eurotiales,Aspergillaceae,Aspergillus,Aspergillus tubingensis
002cf59cd2e44a32182a87f3c418dd82,MW201232.1,83.062,3e-68,272.0,307,99116,Eukaryota,Fungi,Ascomycota,Eurotiomycetes,Eurotiales,Aspergillaceae,Penicillium,Penicillium olsonii
002cf59cd2e44a32182a87f3c418dd82,KP987537.1,80.392,1e-67,270.0,357,5467,Eukaryota,Fungi,Ascomycota,Sordariomycetes,Glomerellales,Glomerellaceae,Colletotrichum,Colletotrichum truncatum
002cf59cd2e44a32182a87f3c418dd82,FN640512.1,81.459,1e-67,270.0,329,175245,Eukaryota,Fungi,,,,,,uncultured fungus
002cf59cd2e44a32182a87f3c418dd82,FN640488.1,81.571,1e-67,270.0,331,175245,Eukaryota,Fungi,,,,,,uncultured fungus
002cf59cd2e44a32182a87f3c418dd82,FN599558.1,81.459,1e-67,270.0,329,175245,Eukaryota,Fungi,,,,,,uncultured fungus
002cf59cd2e44a32182a87f3c418dd82,EU982142.1,84.0,4e-66,265.0,275,5053,Eukaryota,Fungi,Ascomycota,Eurotiomycetes,Eurotiales,Aspergillaceae,Aspergillus,Aspergillus aculeatus
002cf59cd2e44a32182a87f3c418dd82,FJ004543.1,83.636,2e-64,259.0,275,70109,Eukaryota,Fungi,Ascomycota,Eurotiomycetes,Eurotiales,Aspergillaceae,Penicillium,Penicillium paxilli
002cf59cd2e44a32182a87f3c418dd82,FJ004523.1,83.636,2e-64,259.0,275,36651,Eukaryota,Fungi,Ascomycota,Eurotiomycetes,Eurotiales,Aspergillaceae,Penicillium,Penicillium digitatum
002cf59cd2e44a32182a87f3c418dd82,EU982143.1,83.636,2e-64,259.0,275,40380,Eukaryota,Fungi,Ascomycota,Eurotiomycetes,Eurotiales,Aspergillaceae,Aspergillus,Aspergillus ochraceus
002cf59cd2e44a32182a87f3c418dd82,EF180346.1,83.162,2e-64,259.0,291,99116,Eukaryota,Fungi,Ascomycota,Eurotiomycetes,Eurotiales,Aspergillaceae,Penicillium,Penicillium olsonii
002cf59cd2e44a32182a87f3c418dd82,EF180342.1,83.162,2e-64,259.0,291,99116,Eukaryota,Fungi,Ascomycota,Eurotiomycetes,Eurotiales,Aspergillaceae,Penicillium,Penicillium olsonii
002cf59cd2e44a32182a87f3c418dd82,HQ850896.1,81.388,3e-63,255.0,317,36651,Eukaryota,Fungi,Ascomycota,Eurotiomycetes,Eurotiales,Aspergillaceae,Penicillium,Penicillium digitatum
002cf59cd2e44a32182a87f3c418dd82,HQ850895.1,81.447,3e-63,255.0,318,40296,Eukaryota,Fungi,Ascomycota,Eurotiomycetes,Eurotiales,Aspergillaceae,Penicillium,Penicillium italicum
002cf59cd2e44a32182a87f3c418dd82,HQ850886.1,81.447,3e-63,255.0,318,40296,Eukaryota,Fungi,Ascomycota,Eurotiomycetes,Eurotiales,Aspergillaceae,Penicillium,Penicillium italicum
002cf59cd2e44a32182a87f3c418dd82,HQ850881.1,81.447,3e-63,255.0,318,40296,Eukaryota,Fungi,Ascomycota,Eurotiomycetes,Eurotiales,Aspergillaceae,Penicillium,Penicillium italicum
002cf59cd2e44a32182a87f3c418dd82,HQ850875.1,81.447,3e-63,255.0,318,40296,Eukaryota,Fungi,Ascomycota,Eurotiomycetes,Eurotiales,Aspergillaceae,Penicillium,Penicillium italicum
002cf59cd2e44a32182a87f3c418dd82,HQ850871.1,81.447,3e-63,255.0,318,40296,Eukaryota,Fungi,Ascomycota,Eurotiomycetes,Eurotiales,Aspergillaceae,Penicillium,Penicillium italicum
002cf59cd2e44a32182a87f3c418dd82,EF180133.1,83.045,3e-63,255.0,289,416450,Eukaryota,Fungi,Ascomycota,Eurotiomycetes,Eurotiales,Aspergillaceae,Penicillium,Penicillium antarcticum
002cf59cd2e44a32182a87f3c418dd82,FJ004541.1,83.039,1e-62,254.0,283,69780,Eukaryota,Fungi,Ascomycota,Eurotiomycetes,Eurotiales,Aspergillaceae,Penicillium,Penicillium ochrochloron
002cf59cd2e44a32182a87f3c418dd82,FJ004506.1,83.273,1e-62,254.0,275,36655,Eukaryota,Fungi,Ascomycota,Eurotiomycetes,Eurotiales,Aspergillaceae,Penicillium,Penicillium aurantiogriseum
002cf59cd2e44a32182a87f3c418dd82,FN640541.1,80.547,1e-62,254.0,329,175245,Eukaryota,Fungi,,,,,,uncultured fungus
002cf59cd2e44a32182a87f3c418dd82,FN640524.1,80.547,1e-62,254.0,329,175245,Eukaryota,Fungi,,,,,,uncultured fungus
002cf59cd2e44a32182a87f3c418dd82,EF180158.1,82.759,1e-62,254.0,290,5074,Eukaryota,Fungi,Ascomycota,Eurotiomycetes,Eurotiales,Aspergillaceae,Penicillium,Penicillium brevicompactum
002cf59cd2e44a32182a87f3c418dd82,EF180151.1,82.759,1e-62,254.0,290,293381,Eukaryota,Fungi,Ascomycota,Eurotiomycetes,Eurotiales,Aspergillaceae,Penicillium,Penicillium bialowiezense
002cf59cd2e44a32182a87f3c418dd82,EF180096.1,82.578,1e-62,254.0,287,5061,Eukaryota,Fungi,Ascomycota,Eurotiomycetes,Eurotiales,Aspergillaceae,Aspergillus,Aspergillus niger
002cf59cd2e44a32182a87f3c418dd82,HQ850891.1,81.073,1e-61,250.0,317,60169,Eukaryota,Fungi,Ascomycota,Eurotiomycetes,Eurotiales,Aspergillaceae,Penicillium,Penicillium polonicum
002cf59cd2e44a32182a87f3c418dd82,HQ850889.1,81.132,1e-61,250.0,318,40296,Eukaryota,Fungi,Ascomycota,Eurotiomycetes,Eurotiales,Aspergillaceae,Penicillium,Penicillium italicum
002cf59cd2e44a32182a87f3c418dd82,HQ850876.1,81.073,1e-61,250.0,317,60169,Eukaryota,Fungi,Ascomycota,Eurotiomycetes,Eurotiales,Aspergillaceae,Penicillium,Penicillium polonicum
002cf59cd2e44a32182a87f3c418dd82,HQ850866.1,81.073,1e-61,250.0,317,60169,Eukaryota,Fungi,Ascomycota,Eurotiomycetes,Eurotiales,Aspergillaceae,Penicillium,Penicillium polonicum
002cf59cd2e44a32182a87f3c418dd82,FJ004539.1,82.909,4e-61,248.0,275,28574,Eukaryota,Fungi,Ascomycota,Eurotiomycetes,Eurotiales,Trichocomaceae,Talaromyces,Talaromyces minioluteus
002cf59cd2e44a32182a87f3c418dd82,FJ004536.1,82.909,4e-61,248.0,275,40296,Eukaryota,Fungi,Ascomycota,Eurotiomycetes,Eurotiales,Aspergillaceae,Penicillium,Penicillium italicum
002cf59cd2e44a32182a87f3c418dd82,FJ004514.1,82.909,4e-61,248.0,275,5077,Eukaryota,Fungi,Ascomycota,Eurotiomycetes,Eurotiales,Aspergillaceae,Penicillium,Penicillium citrinum
002cf59cd2e44a32182a87f3c418dd82,EF180443.1,82.353,4e-61,248.0,289,29845,Eukaryota,Fungi,Ascomycota,Eurotiomycetes,Eurotiales,Aspergillaceae,Penicillium,Penicillium vulpinum
002cf59cd2e44a32182a87f3c418dd82,EF180324.1,82.353,4e-61,248.0,289,60175,Eukaryota,Fungi,Ascomycota,Eurotiomycetes,Eurotiales,Aspergillaceae,Penicillium,Penicillium nalgiovense
002cf59cd2e44a32182a87f3c418dd82,EF180241.1,82.353,4e-61,248.0,289,2819903,Eukaryota,Fungi,Ascomycota,Eurotiomycetes,Eurotiales,Aspergillaceae,Penicillium,Penicillium dipodomyus
002cf59cd2e44a32182a87f3c418dd82,EF180101.1,82.353,4e-61,248.0,289,1132638,Eukaryota,Fungi,Ascomycota,Eurotiomycetes,Eurotiales,Aspergillaceae,Penicillium,Penicillium kewense
002cf59cd2e44a32182a87f3c418dd82,EF180103.1,82.353,4e-61,248.0,289,1132638,Eukaryota,Fungi,Ascomycota,Eurotiomycetes,Eurotiales,Aspergillaceae,Penicillium,Penicillium kewense
002cf59cd2e44a32182a87f3c418dd82,EF180099.1,82.353,4e-61,248.0,289,1132638,Eukaryota,Fungi,Ascomycota,Eurotiomycetes,Eurotiales,Aspergillaceae,Penicillium,Penicillium kewense
002cf59cd2e44a32182a87f3c418dd82,JQ354999.1,80.625,2e-60,246.0,320,5057,Eukaryota,Fungi,Ascomycota,Eurotiomycetes,Eurotiales,Aspergillaceae,Aspergillus,Aspergillus clavatus
002cf59cd2e44a32182a87f3c418dd82,HQ850870.1,80.818,6e-60,244.0,318,40296,Eukaryota,Fungi,Ascomycota,Eurotiomycetes,Eurotiales,Aspergillaceae,Penicillium,Penicillium italicum
002cf59cd2e44a32182a87f3c418dd82,FJ544538.1,77.749,6e-60,244.0,391,342370,Eukaryota,Fungi,Ascomycota,Sordariomycetes,Hypocreales,Nectriaceae,Sarcopodium,Sarcopodium macalpinei
002cf59cd2e44a32182a87f3c418dd82,FJ004542.1,82.609,2e-59,243.0,276,99116,Eukaryota,Fungi,Ascomycota,Eurotiomycetes,Eurotiales,Aspergillaceae,Penicillium,Penicillium olsonii
002cf59cd2e44a32182a87f3c418dd82,EF180441.1,82.007,2e-59,243.0,289,29845,Eukaryota,Fungi,Ascomycota,Eurotiomycetes,Eurotiales,Aspergillaceae,Penicillium,Penicillium vulpinum
002cf59cd2e44a32182a87f3c418dd82,EF180374.1,82.007,2e-59,243.0,289,5082,Eukaryota,Fungi,Ascomycota,Eurotiomycetes,Eurotiales,Aspergillaceae,Penicillium,Penicillium roqueforti
002cf59cd2e44a32182a87f3c418dd82,EF180236.1,82.007,2e-59,243.0,289,254876,Eukaryota,Fungi,Ascomycota,Eurotiomycetes,Eurotiales,Aspergillaceae,Penicillium,Penicillium dipodomyicola
002cf59cd2e44a32182a87f3c418dd82,EF180231.1,82.007,2e-59,243.0,289,36651,Eukaryota,Fungi,Ascomycota,Eurotiomycetes,Eurotiales,Aspergillaceae,Penicillium,Penicillium digitatum
002cf59cd2e44a32182a87f3c418dd82,EF180191.1,82.007,2e-59,243.0,289,29841,Eukaryota,Fungi,Ascomycota,Eurotiomycetes,Eurotiales,Aspergillaceae,Penicillium,Penicillium clavigerum
002cf59cd2e44a32182a87f3c418dd82,EF180113.1,82.007,2e-59,243.0,289,36650,Eukaryota,Fungi,Ascomycota,Eurotiomycetes,Eurotiales,Aspergillaceae,Penicillium,Penicillium aethiopicum
002cf59cd2e44a32182a87f3c418dd82,EF180102.1,82.007,2e-59,243.0,289,1132638,Eukaryota,Fungi,Ascomycota,Eurotiomycetes,Eurotiales,Aspergillaceae,Penicillium,Penicillium kewense
002cf59cd2e44a32182a87f3c418dd82,EF180380.1,82.007,3e-58,239.0,289,69787,Eukaryota,Fungi,Ascomycota,Eurotiomycetes,Eurotiales,Aspergillaceae,Penicillium,Penicillium sclerotigenum
002cf59cd2e44a32182a87f3c418dd82,EU982133.1,81.851,1e-57,237.0,281,41753,Eukaryota,Fungi,Ascomycota,Eurotiomycetes,Eurotiales,Aspergillaceae,Aspergillus,Aspergillus bisporus
002cf59cd2e44a32182a87f3c418dd82,EU982117.1,82.246,1e-57,237.0,276,105351,Eukaryota,Fungi,Ascomycota,Eurotiomycetes,Eurotiales,Aspergillaceae,Aspergillus,Aspergillus awamori
002cf59cd2e44a32182a87f3c418dd82,EF180420.1,81.724,1e-57,237.0,290,293377,Eukaryota,Fungi,Ascomycota,Eurotiomycetes,Eurotiales,Aspergillaceae,Penicillium,Penicillium ulaiense
002cf59cd2e44a32182a87f3c418dd82,EF180391.1,81.724,1e-57,237.0,290,69789,Eukaryota,Fungi,Ascomycota,Eurotiomycetes,Eurotiales,Aspergillaceae,Penicillium,Penicillium soppii
002cf59cd2e44a32182a87f3c418dd82,EF180384.1,81.661,1e-57,237.0,289,60172,Eukaryota,Fungi,Ascomycota,Eurotiomycetes,Eurotiales,Aspergillaceae,Penicillium,Penicillium solitum
002cf59cd2e44a32182a87f3c418dd82,EF180361.1,81.661,1e-57,237.0,289,268347,Eukaryota,Fungi,Ascomycota,Eurotiomycetes,Eurotiales,Aspergillaceae,Penicillium,Penicillium persicinum
002cf59cd2e44a32182a87f3c418dd82,EF180356.1,81.661,1e-57,237.0,289,68879,Eukaryota,Fungi,Ascomycota,Eurotiomycetes,Eurotiales,Aspergillaceae,Penicillium,Penicillium paneum
002cf59cd2e44a32182a87f3c418dd82,EF180333.1,81.661,1e-57,237.0,289,229535,Eukaryota,Fungi,Ascomycota,Eurotiomycetes,Eurotiales,Aspergillaceae,Penicillium,Penicillium nordicum
002cf59cd2e44a32182a87f3c418dd82,EF180317.1,81.661,1e-57,237.0,289,268346,Eukaryota,Fungi,Ascomycota,Eurotiomycetes,Eurotiales,Aspergillaceae,Penicillium,Penicillium mononematosum
002cf59cd2e44a32182a87f3c418dd82,EF180318.1,81.661,1e-57,237.0,289,268346,Eukaryota,Fungi,Ascomycota,Eurotiomycetes,Eurotiales,Aspergillaceae,Penicillium,Penicillium mononematosum
002cf59cd2e44a32182a87f3c418dd82,EF180306.1,81.661,1e-57,237.0,289,293560,Eukaryota,Fungi,Ascomycota,Eurotiomycetes,Eurotiales,Aspergillaceae,Penicillium,Penicillium marinum
002cf59cd2e44a32182a87f3c418dd82,EF180303.1,81.724,1e-57,237.0,290,40296,Eukaryota,Fungi,Ascomycota,Eurotiomycetes,Eurotiales,Aspergillaceae,Penicillium,Penicillium italicum
002cf59cd2e44a32182a87f3c418dd82,EF180284.1,81.661,1e-57,237.0,289,197659,Eukaryota,Fungi,Ascomycota,Eurotiomycetes,Eurotiales,Aspergillaceae,Penicillium,Penicillium glandicola
002cf59cd2e44a32182a87f3c418dd82,EF180283.1,81.661,1e-57,237.0,289,197659,Eukaryota,Fungi,Ascomycota,Eurotiomycetes,Eurotiales,Aspergillaceae,Penicillium,Penicillium glandicola
002cf59cd2e44a32182a87f3c418dd82,EF180281.1,81.661,1e-57,237.0,289,197659,Eukaryota,Fungi,Ascomycota,Eurotiomycetes,Eurotiales,Aspergillaceae,Penicillium,Penicillium glandicola
002cf59cd2e44a32182a87f3c418dd82,EF180258.1,81.661,1e-57,237.0,289,27334,Eukaryota,Fungi,Ascomycota,Eurotiomycetes,Eurotiales,Aspergillaceae,Penicillium,Penicillium expansum
002cf59cd2e44a32182a87f3c418dd82,EF180259.1,81.661,1e-57,237.0,289,27334,Eukaryota,Fungi,Ascomycota,Eurotiomycetes,Eurotiales,Aspergillaceae,Penicillium,Penicillium expansum
002cf59cd2e44a32182a87f3c418dd82,EF180256.1,81.661,1e-57,237.0,289,27334,Eukaryota,Fungi,Ascomycota,Eurotiomycetes,Eurotiales,Aspergillaceae,Penicillium,Penicillium expansum
002cf59cd2e44a32182a87f3c418dd82,EF180251.1,81.661,1e-57,237.0,289,60174,Eukaryota,Fungi,Ascomycota,Eurotiomycetes,Eurotiales,Aspergillaceae,Penicillium,Penicillium echinulatum (nom. illeg.)
002cf59cd2e44a32182a87f3c418dd82,EF180246.1,81.661,1e-57,237.0,289,74830,Eukaryota,Fungi,Ascomycota,Eurotiomycetes,Eurotiales,Aspergillaceae,Penicillium,Penicillium discolor
002cf59cd2e44a32182a87f3c418dd82,EF180206.1,81.661,1e-57,237.0,289,293375,Eukaryota,Fungi,Ascomycota,Eurotiomycetes,Eurotiales,Aspergillaceae,Penicillium,Penicillium confertum
002cf59cd2e44a32182a87f3c418dd82,EF180194.1,81.661,1e-57,237.0,289,29841,Eukaryota,Fungi,Ascomycota,Eurotiomycetes,Eurotiales,Aspergillaceae,Penicillium,Penicillium clavigerum
002cf59cd2e44a32182a87f3c418dd82,EF180170.1,81.661,1e-57,237.0,289,47248,Eukaryota,Fungi,Ascomycota,Eurotiomycetes,Eurotiales,Aspergillaceae,Penicillium,Penicillium carneum
002cf59cd2e44a32182a87f3c418dd82,EF180168.1,81.661,1e-57,237.0,289,47248,Eukaryota,Fungi,Ascomycota,Eurotiomycetes,Eurotiales,Aspergillaceae,Penicillium,Penicillium carneum
002cf59cd2e44a32182a87f3c418dd82,EF180109.1,81.661,1e-57,237.0,289,91636,Eukaryota,Fungi,Ascomycota,Eurotiomycetes,Eurotiales,Aspergillaceae,Penicillium,Penicillium osmophilum
002cf59cd2e44a32182a87f3c418dd82,FN640499.1,79.697,3e-57,235.0,330,175245,Eukaryota,Fungi,,,,,,uncultured fungus
002cf59cd2e44a32182a87f3c418dd82,EU021017.1,82.642,3e-57,235.0,265,63131,Eukaryota,Fungi,Ascomycota,Eurotiomycetes,Eurotiales,Aspergillaceae,Aspergillus,Aspergillus foetidus
002cf59cd2e44a32182a87f3c418dd82,EU021012.1,82.642,3e-57,235.0,265,5061,Eukaryota,Fungi,Ascomycota,Eurotiomycetes,Eurotiales,Aspergillaceae,Aspergillus,Aspergillus niger
002cf59cd2e44a32182a87f3c418dd82,GQ379930.1,82.397,1e-56,233.0,267,5068,Eukaryota,Fungi,Ascomycota,Eurotiomycetes,Eurotiales,Aspergillaceae,Aspergillus,Aspergillus tubingensis
002cf59cd2e44a32182a87f3c418dd82,FJ004547.1,84.232,1e-56,233.0,241,69785,Eukaryota,Fungi,Ascomycota,Eurotiomycetes,Eurotiales,Aspergillaceae,Penicillium,Penicillium rolfsii
002cf59cd2e44a32182a87f3c418dd82,NC_061762.1,86.111,4e-56,231.0,216,647257,Eukaryota,Fungi,Ascomycota,Leotiomycetes,Helotiales,Sclerotiniaceae,Ciborinia,Ciborinia camelliae
002cf59cd2e44a32182a87f3c418dd82,OK326902.1,86.111,4e-56,231.0,216,647257,Eukaryota,Fungi,Ascomycota,Leotiomycetes,Helotiales,Sclerotiniaceae,Ciborinia,Ciborinia camelliae
002cf59cd2e44a32182a87f3c418dd82,FJ004558.1,82.014,4e-56,231.0,278,29845,Eukaryota,Fungi,Ascomycota,Eurotiomycetes,Eurotiales,Aspergillaceae,Penicillium,Penicillium vulpinum
002cf59cd2e44a32182a87f3c418dd82,FJ004544.1,81.818,4e-56,231.0,275,1266744,Eukaryota,Fungi,Ascomycota,Eurotiomycetes,Eurotiales,Trichocomaceae,Talaromyces,Talaromyces purpureogenus
002cf59cd2e44a32182a87f3c418dd82,FJ004534.1,81.818,4e-56,231.0,275,69775,Eukaryota,Fungi,Ascomycota,Eurotiomycetes,Eurotiales,Aspergillaceae,Penicillium,Penicillium implicatum
002cf59cd2e44a32182a87f3c418dd82,FJ004532.1,81.949,4e-56,231.0,277,197659,Eukaryota,Fungi,Ascomycota,Eurotiomycetes,Eurotiales,Aspergillaceae,Penicillium,Penicillium glandicola
002cf59cd2e44a32182a87f3c418dd82,EU982134.1,81.818,4e-56,231.0,275,5064,Eukaryota,Fungi,Ascomycota,Eurotiomycetes,Eurotiales,Aspergillaceae,Aspergillus,Aspergillus restrictus
002cf59cd2e44a32182a87f3c418dd82,EU982125.1,81.884,4e-56,231.0,276,396024,Eukaryota,Fungi,Ascomycota,Eurotiomycetes,Eurotiales,Aspergillaceae,Aspergillus,Aspergillus ruber
002cf59cd2e44a32182a87f3c418dd82,EF180425.1,81.315,4e-56,231.0,289,85081,Eukaryota,Fungi,Ascomycota,Eurotiomycetes,Eurotiales,Aspergillaceae,Penicillium,Penicillium venetum
002cf59cd2e44a32182a87f3c418dd82,EF180411.1,81.315,4e-56,231.0,289,60170,Eukaryota,Fungi,Ascomycota,Eurotiomycetes,Eurotiales,Aspergillaceae,Penicillium,Penicillium tricolor
002cf59cd2e44a32182a87f3c418dd82,EF180406.1,81.315,4e-56,231.0,289,293382,Eukaryota,Fungi,Ascomycota,Eurotiomycetes,Eurotiales,Aspergillaceae,Penicillium,Penicillium thymicola
002cf59cd2e44a32182a87f3c418dd82,EF180369.1,81.315,4e-56,231.0,289,293384,Eukaryota,Fungi,Ascomycota,Eurotiomycetes,Eurotiales,Aspergillaceae,Penicillium,Penicillium radicicola
002cf59cd2e44a32182a87f3c418dd82,EF180334.1,81.315,4e-56,231.0,289,229535,Eukaryota,Fungi,Ascomycota,Eurotiomycetes,Eurotiales,Aspergillaceae,Penicillium,Penicillium nordicum
002cf59cd2e44a32182a87f3c418dd82,EF180277.1,81.315,4e-56,231.0,289,36654,Eukaryota,Fungi,Ascomycota,Eurotiomycetes,Eurotiales,Aspergillaceae,Penicillium,Penicillium gladioli
002cf59cd2e44a32182a87f3c418dd82,EF180261.1,81.315,4e-56,231.0,289,254877,Eukaryota,Fungi,Ascomycota,Eurotiomycetes,Eurotiales,Aspergillaceae,Penicillium,Penicillium flavigenum
002cf59cd2e44a32182a87f3c418dd82,EF180213.1,81.315,4e-56,231.0,289,36646,Eukaryota,Fungi,Ascomycota,Eurotiomycetes,Eurotiales,Aspergillaceae,Penicillium,Penicillium coprophilum
002cf59cd2e44a32182a87f3c418dd82,EF180212.1,81.315,4e-56,231.0,289,36646,Eukaryota,Fungi,Ascomycota,Eurotiomycetes,Eurotiales,Aspergillaceae,Penicillium,Penicillium coprophilum
002cf59cd2e44a32182a87f3c418dd82,EF180200.1,81.315,4e-56,231.0,289,293559,Eukaryota,Fungi,Ascomycota,Eurotiomycetes,Eurotiales,Aspergillaceae,Penicillium,Penicillium concentricum
002cf59cd2e44a32182a87f3c418dd82,EF180164.1,81.315,4e-56,231.0,289,5075,Eukaryota,Fungi,Ascomycota,Eurotiomycetes,Eurotiales,Aspergillaceae,Penicillium,Penicillium camemberti
002cf59cd2e44a32182a87f3c418dd82,EF180148.1,81.315,4e-56,231.0,289,36655,Eukaryota,Fungi,Ascomycota,Eurotiomycetes,Eurotiales,Aspergillaceae,Penicillium,Penicillium aurantiogriseum
002cf59cd2e44a32182a87f3c418dd82,EF180146.1,81.315,4e-56,231.0,289,36655,Eukaryota,Fungi,Ascomycota,Eurotiomycetes,Eurotiales,Aspergillaceae,Penicillium,Penicillium aurantiogriseum
002cf59cd2e44a32182a87f3c418dd82,EF180144.1,81.315,4e-56,231.0,289,36652,Eukaryota,Fungi,Ascomycota,Eurotiomycetes,Eurotiales,Aspergillaceae,Penicillium,Penicillium atramentosum
002cf59cd2e44a32182a87f3c418dd82,EF180139.1,81.315,4e-56,231.0,289,36652,Eukaryota,Fungi,Ascomycota,Eurotiomycetes,Eurotiales,Aspergillaceae,Penicillium,Penicillium atramentosum
002cf59cd2e44a32182a87f3c418dd82,EF180140.1,81.315,4e-56,231.0,289,36652,Eukaryota,Fungi,Ascomycota,Eurotiomycetes,Eurotiales,Aspergillaceae,Penicillium,Penicillium atramentosum
002cf59cd2e44a32182a87f3c418dd82,EF180121.1,81.315,4e-56,231.0,289,74831,Eukaryota,Fungi,Ascomycota,Eurotiomycetes,Eurotiales,Aspergillaceae,Penicillium,Penicillium albocoremium
002cf59cd2e44a32182a87f3c418dd82,EU021029.1,82.264,2e-55,230.0,265,5068,Eukaryota,Fungi,Ascomycota,Eurotiomycetes,Eurotiales,Aspergillaceae,Aspergillus,Aspergillus tubingensis
002cf59cd2e44a32182a87f3c418dd82,EU021027.1,82.264,2e-55,230.0,265,1341132,Eukaryota,Fungi,Ascomycota,Eurotiomycetes,Eurotiales,Aspergillaceae,Aspergillus,Aspergillus welwitschiae
002cf59cd2e44a32182a87f3c418dd82,FJ004531.1,81.455,2e-54,226.0,275,36654,Eukaryota,Fungi,Ascomycota,Eurotiomycetes,Eurotiales,Aspergillaceae,Penicillium,Penicillium gladioli
002cf59cd2e44a32182a87f3c418dd82,FJ004524.1,81.455,2e-54,226.0,275,27334,Eukaryota,Fungi,Ascomycota,Eurotiomycetes,Eurotiales,Aspergillaceae,Penicillium,Penicillium expansum
002cf59cd2e44a32182a87f3c418dd82,EU982146.1,81.455,2e-54,226.0,275,5060,Eukaryota,Fungi,Ascomycota,Eurotiomycetes,Eurotiales,Aspergillaceae,Aspergillus,Aspergillus giganteus
002cf59cd2e44a32182a87f3c418dd82,EU982135.1,81.455,2e-54,226.0,275,41724,Eukaryota,Fungi,Ascomycota,Eurotiomycetes,Eurotiales,Aspergillaceae,Aspergillus,Aspergillus brunneouniseriatus
002cf59cd2e44a32182a87f3c418dd82,EF180426.1,80.969,2e-54,226.0,289,85081,Eukaryota,Fungi,Ascomycota,Eurotiomycetes,Eurotiales,Aspergillaceae,Penicillium,Penicillium venetum
002cf59cd2e44a32182a87f3c418dd82,EF180297.1,80.969,2e-54,226.0,289,40994,Eukaryota,Fungi,Ascomycota,Eurotiomycetes,Eurotiales,Aspergillaceae,Penicillium,Penicillium hordei
002cf59cd2e44a32182a87f3c418dd82,EF180143.1,80.969,2e-54,226.0,289,36652,Eukaryota,Fungi,Ascomycota,Eurotiomycetes,Eurotiales,Aspergillaceae,Penicillium,Penicillium atramentosum
002cf59cd2e44a32182a87f3c418dd82,EU021038.1,81.887,8e-54,224.0,265,5068,Eukaryota,Fungi,Ascomycota,Eurotiomycetes,Eurotiales,Aspergillaceae,Aspergillus,Aspergillus tubingensis
002cf59cd2e44a32182a87f3c418dd82,FJ004507.1,81.362,3e-53,222.0,279,5074,Eukaryota,Fungi,Ascomycota,Eurotiomycetes,Eurotiales,Aspergillaceae,Penicillium,Penicillium brevicompactum
002cf59cd2e44a32182a87f3c418dd82,EU021036.1,81.887,3e-53,222.0,265,319631,Eukaryota,Fungi,Ascomycota,Eurotiomycetes,Eurotiales,Aspergillaceae,Aspergillus,Aspergillus costaricensis
002cf59cd2e44a32182a87f3c418dd82,MW924652.1,80.903,1e-52,220.0,288,60458,Eukaryota,Fungi,Ascomycota,Pezizomycetes,Pezizales,Tuberaceae,Tuber,Tuber brumale
002cf59cd2e44a32182a87f3c418dd82,FJ004556.1,81.091,1e-52,220.0,275,60134,Eukaryota,Fungi,Ascomycota,Eurotiomycetes,Eurotiales,Aspergillaceae,Penicillium,Penicillium viridicatum
002cf59cd2e44a32182a87f3c418dd82,FJ004554.1,81.159,1e-52,220.0,276,60171,Eukaryota,Fungi,Ascomycota,Eurotiomycetes,Eurotiales,Aspergillaceae,Penicillium,Penicillium verrucosum
002cf59cd2e44a32182a87f3c418dd82,FJ004549.1,81.091,1e-52,220.0,275,60172,Eukaryota,Fungi,Ascomycota,Eurotiomycetes,Eurotiales,Aspergillaceae,Penicillium,Penicillium solitum
002cf59cd2e44a32182a87f3c418dd82,EU021025.1,81.509,3e-52,219.0,265,319629,Eukaryota,Fungi,Ascomycota,Eurotiomycetes,Eurotiales,Aspergillaceae,Aspergillus,Aspergillus brasiliensis
002cf59cd2e44a32182a87f3c418dd82,EU982140.1,80.727,5e-51,215.0,275,41754,Eukaryota,Fungi,Ascomycota,Eurotiomycetes,Eurotiales,Aspergillaceae,Aspergillus,Aspergillus aeneus
002cf59cd2e44a32182a87f3c418dd82,EU021026.1,81.132,2e-50,213.0,265,5068,Eukaryota,Fungi,Ascomycota,Eurotiomycetes,Eurotiales,Aspergillaceae,Aspergillus,Aspergillus tubingensis
002cf59cd2e44a32182a87f3c418dd82,EU021024.1,81.132,2e-50,213.0,265,5061,Eukaryota,Fungi,Ascomycota,Eurotiomycetes,Eurotiales,Aspergillaceae,Aspergillus,Aspergillus niger
002cf59cd2e44a32182a87f3c418dd82,EU021022.1,81.132,2e-50,213.0,265,319629,Eukaryota,Fungi,Ascomycota,Eurotiomycetes,Eurotiales,Aspergillaceae,Aspergillus,Aspergillus brasiliensis
002cf59cd2e44a32182a87f3c418dd82,MZ394775.1,76.386,6e-50,211.0,415,4792,Eukaryota,,Oomycota,,Peronosporales,Peronosporaceae,Phytophthora,Phytophthora nicotianae
002cf59cd2e44a32182a87f3c418dd82,MZ394774.1,76.386,6e-50,211.0,415,4792,Eukaryota,,Oomycota,,Peronosporales,Peronosporaceae,Phytophthora,Phytophthora nicotianae
002cf59cd2e44a32182a87f3c418dd82,MZ394773.1,76.386,6e-50,211.0,415,4792,Eukaryota,,Oomycota,,Peronosporales,Peronosporaceae,Phytophthora,Phytophthora nicotianae
002cf59cd2e44a32182a87f3c418dd82,MZ394772.1,76.386,6e-50,211.0,415,4792,Eukaryota,,Oomycota,,Peronosporales,Peronosporaceae,Phytophthora,Phytophthora nicotianae
002cf59cd2e44a32182a87f3c418dd82,GQ379934.1,82.7,6e-50,211.0,237,5068,Eukaryota,Fungi,Ascomycota,Eurotiomycetes,Eurotiales,Aspergillaceae,Aspergillus,Aspergillus tubingensis
002cf59cd2e44a32182a87f3c418dd82,GQ379933.1,82.7,6e-50,211.0,237,5068,Eukaryota,Fungi,Ascomycota,Eurotiomycetes,Eurotiales,Aspergillaceae,Aspergillus,Aspergillus tubingensis
002cf59cd2e44a32182a87f3c418dd82,EU982127.1,80.364,2e-49,209.0,275,5067,Eukaryota,Fungi,Ascomycota,Eurotiomycetes,Eurotiales,Aspergillaceae,Aspergillus,Aspergillus parasiticus
002cf59cd2e44a32182a87f3c418dd82,JN700950.1,75.935,3e-48,206.0,428,264068,Eukaryota,Metazoa,Cnidaria,Hydrozoa,Anthoathecata,Pennariidae,Pennaria,Pennaria disticha
002cf59cd2e44a32182a87f3c418dd82,JN041209.1,82.609,4e-47,202.0,230,169388,Eukaryota,Fungi,Ascomycota,Sordariomycetes,Hypocreales,Nectriaceae,Fusarium,Fusarium solani
002cf59cd2e44a32182a87f3c418dd82,EF180189.1,79.514,4e-47,202.0,288,5077,Eukaryota,Fungi,Ascomycota,Eurotiomycetes,Eurotiales,Aspergillaceae,Penicillium,Penicillium citrinum
002cf59cd2e44a32182a87f3c418dd82,EF180187.1,79.514,4e-47,202.0,288,5077,Eukaryota,Fungi,Ascomycota,Eurotiomycetes,Eurotiales,Aspergillaceae,Penicillium,Penicillium citrinum
002cf59cd2e44a32182a87f3c418dd82,EF180186.1,79.514,4e-47,202.0,288,5077,Eukaryota,Fungi,Ascomycota,Eurotiomycetes,Eurotiales,Aspergillaceae,Penicillium,Penicillium citrinum
002cf59cd2e44a32182a87f3c418dd82,HQ953251.1,75.837,6e-45,195.0,418,1375520,Eukaryota,Metazoa,Arthropoda,Insecta,Lepidoptera,Geometridae,Oenochroma,Oenochroma celidophora
002cf59cd2e44a32182a87f3c418dd82,HQ953253.1,75.598,3e-43,189.0,418,1375520,Eukaryota,Metazoa,Arthropoda,Insecta,Lepidoptera,Geometridae,Oenochroma,Oenochroma celidophora
002cf59cd2e44a32182a87f3c418dd82,MH760242.1,75.181,1e-41,183.0,415,129348,Eukaryota,,Oomycota,,Peronosporales,Peronosporaceae,Phytophthora,Phytophthora botryosa
002cf59cd2e44a32182a87f3c418dd82,FJ462244.1,75.534,1e-41,183.0,421,578772,Eukaryota,Metazoa,Arthropoda,Insecta,Lepidoptera,Nymphalidae,Melitaea,Melitaea collina
002cf59cd2e44a32182a87f3c418dd82,NC_046717.1,76.204,2e-39,176.0,353,522787,Eukaryota,Metazoa,Arthropoda,Insecta,Lepidoptera,Sphingidae,Amplypterus,Amplypterus panopus
002cf59cd2e44a32182a87f3c418dd82,KP720027.1,76.338,2e-39,176.0,355,522787,Eukaryota,Metazoa,Arthropoda,Insecta,Lepidoptera,Sphingidae,Amplypterus,Amplypterus panopus
002cf59cd2e44a32182a87f3c418dd82,JN677744.1,76.204,2e-39,176.0,353,522787,Eukaryota,Metazoa,Arthropoda,Insecta,Lepidoptera,Sphingidae,Amplypterus,Amplypterus panopus
002cf59cd2e44a32182a87f3c418dd82,KP866411.1,78.571,3e-38,172.0,280,1628719,Eukaryota,Metazoa,Arthropoda,Insecta,Odonata,Aeshnidae,Rhionaeschna,Rhionaeschna marchali
002cf59cd2e44a32182a87f3c418dd82,KR011723.1,78.495,3e-38,172.0,279,1642568,Eukaryota,Metazoa,Arthropoda,Insecta,Odonata,Aeshnidae,Rhionaeschna,Rhionaeschna cornigera
002cf59cd2e44a32182a87f3c418dd82,KR011722.1,78.495,3e-38,172.0,279,1642568,Eukaryota,Metazoa,Arthropoda,Insecta,Odonata,Aeshnidae,Rhionaeschna,Rhionaeschna cornigera
002cf59cd2e44a32182a87f3c418dd82,MW214222.1,74.519,4e-37,169.0,416,199051,Eukaryota,Metazoa,Arthropoda,Insecta,Lepidoptera,Gracillariidae,Phyllonorycter,Phyllonorycter maestingella
002cf59cd2e44a32182a87f3c418dd82,EU815594.1,74.378,4e-37,169.0,402,569913,Eukaryota,Metazoa,Arthropoda,Arachnida,Araneae,Salticidae,Mexcala,Mexcala elegans
002cf59cd2e44a32182a87f3c418dd82,KR066402.1,80.0,1e-36,167.0,235,1640444,Eukaryota,Metazoa,Arthropoda,Insecta,Odonata,Aeshnidae,Rhionaeschna,Rhionaeschna galapagoensis
002cf59cd2e44a32182a87f3c418dd82,KJ723642.1,74.762,1e-36,167.0,420,1518528,Eukaryota,Metazoa,Arthropoda,Insecta,Lepidoptera,Nymphalidae,Melitaea,Melitaea ornata
002cf59cd2e44a32182a87f3c418dd82,KF808475.1,74.519,1e-36,167.0,416,199051,Eukaryota,Metazoa,Arthropoda,Insecta,Lepidoptera,Gracillariidae,Phyllonorycter,Phyllonorycter maestingella
002cf59cd2e44a32182a87f3c418dd82,NC_060329.1,86.275,1e-36,167.0,153,35725,Eukaryota,Fungi,Ascomycota,Dothideomycetes,Botryosphaeriales,Botryosphaeriaceae,Macrophomina,Macrophomina phaseolina
002cf59cd2e44a32182a87f3c418dd82,MW214661.1,74.519,1e-36,167.0,416,199051,Eukaryota,Metazoa,Arthropoda,Insecta,Lepidoptera,Gracillariidae,Phyllonorycter,Phyllonorycter maestingella
002cf59cd2e44a32182a87f3c418dd82,MW214476.1,74.519,1e-36,167.0,416,199051,Eukaryota,Metazoa,Arthropoda,Insecta,Lepidoptera,Gracillariidae,Phyllonorycter,Phyllonorycter maestingella
002cf59cd2e44a32182a87f3c418dd82,MW214474.1,74.519,1e-36,167.0,416,199051,Eukaryota,Metazoa,Arthropoda,Insecta,Lepidoptera,Gracillariidae,Phyllonorycter,Phyllonorycter maestingella
002cf59cd2e44a32182a87f3c418dd82,MW214388.1,74.519,1e-36,167.0,416,199051,Eukaryota,Metazoa,Arthropoda,Insecta,Lepidoptera,Gracillariidae,Phyllonorycter,Phyllonorycter maestingella
002cf59cd2e44a32182a87f3c418dd82,MW213369.1,74.519,1e-36,167.0,416,199051,Eukaryota,Metazoa,Arthropoda,Insecta,Lepidoptera,Gracillariidae,Phyllonorycter,Phyllonorycter maestingella
002cf59cd2e44a32182a87f3c418dd82,MW212949.1,74.519,1e-36,167.0,416,199051,Eukaryota,Metazoa,Arthropoda,Insecta,Lepidoptera,Gracillariidae,Phyllonorycter,Phyllonorycter maestingella
002cf59cd2e44a32182a87f3c418dd82,MW212544.1,74.519,1e-36,167.0,416,199051,Eukaryota,Metazoa,Arthropoda,Insecta,Lepidoptera,Gracillariidae,Phyllonorycter,Phyllonorycter maestingella
002cf59cd2e44a32182a87f3c418dd82,MW212487.1,74.519,1e-36,167.0,416,199051,Eukaryota,Metazoa,Arthropoda,Insecta,Lepidoptera,Gracillariidae,Phyllonorycter,Phyllonorycter maestingella
002cf59cd2e44a32182a87f3c418dd82,MW212147.1,74.519,1e-36,167.0,416,199051,Eukaryota,Metazoa,Arthropoda,Insecta,Lepidoptera,Gracillariidae,Phyllonorycter,Phyllonorycter maestingella
002cf59cd2e44a32182a87f3c418dd82,MW211779.1,74.519,1e-36,167.0,416,199051,Eukaryota,Metazoa,Arthropoda,Insecta,Lepidoptera,Gracillariidae,Phyllonorycter,Phyllonorycter maestingella
002cf59cd2e44a32182a87f3c418dd82,MW211624.1,74.519,1e-36,167.0,416,199051,Eukaryota,Metazoa,Arthropoda,Insecta,Lepidoptera,Gracillariidae,Phyllonorycter,Phyllonorycter maestingella
002cf59cd2e44a32182a87f3c418dd82,MW211482.1,74.519,1e-36,167.0,416,199051,Eukaryota,Metazoa,Arthropoda,Insecta,Lepidoptera,Gracillariidae,Phyllonorycter,Phyllonorycter maestingella
002cf59cd2e44a32182a87f3c418dd82,JN280332.1,74.519,1e-36,167.0,416,199051,Eukaryota,Metazoa,Arthropoda,Insecta,Lepidoptera,Gracillariidae,Phyllonorycter,Phyllonorycter maestingella
002cf59cd2e44a32182a87f3c418dd82,JN280331.1,74.519,1e-36,167.0,416,199051,Eukaryota,Metazoa,Arthropoda,Insecta,Lepidoptera,Gracillariidae,Phyllonorycter,Phyllonorycter maestingella
002cf59cd2e44a32182a87f3c418dd82,HQ955710.1,74.519,1e-36,167.0,416,199051,Eukaryota,Metazoa,Arthropoda,Insecta,Lepidoptera,Gracillariidae,Phyllonorycter,Phyllonorycter maestingella
002cf59cd2e44a32182a87f3c418dd82,HM392481.1,74.519,1e-36,167.0,416,199051,Eukaryota,Metazoa,Arthropoda,Insecta,Lepidoptera,Gracillariidae,Phyllonorycter,Phyllonorycter maestingella
002cf59cd2e44a32182a87f3c418dd82,JF848450.1,74.279,2e-35,163.0,416,199051,Eukaryota,Metazoa,Arthropoda,Insecta,Lepidoptera,Gracillariidae,Phyllonorycter,Phyllonorycter maestingella
002cf59cd2e44a32182a87f3c418dd82,KY112824.1,74.524,6e-35,161.0,420,1518528,Eukaryota,Metazoa,Arthropoda,Insecta,Lepidoptera,Nymphalidae,Melitaea,Melitaea ornata
002cf59cd2e44a32182a87f3c418dd82,KY112812.1,74.524,6e-35,161.0,420,1518528,Eukaryota,Metazoa,Arthropoda,Insecta,Lepidoptera,Nymphalidae,Melitaea,Melitaea ornata
002cf59cd2e44a32182a87f3c418dd82,KY112811.1,74.524,6e-35,161.0,420,1518528,Eukaryota,Metazoa,Arthropoda,Insecta,Lepidoptera,Nymphalidae,Melitaea,Melitaea ornata
002cf59cd2e44a32182a87f3c418dd82,KY112809.1,74.524,6e-35,161.0,420,1518528,Eukaryota,Metazoa,Arthropoda,Insecta,Lepidoptera,Nymphalidae,Melitaea,Melitaea ornata
002cf59cd2e44a32182a87f3c418dd82,KY112808.1,74.524,6e-35,161.0,420,1518528,Eukaryota,Metazoa,Arthropoda,Insecta,Lepidoptera,Nymphalidae,Melitaea,Melitaea ornata
002cf59cd2e44a32182a87f3c418dd82,KY112807.1,74.524,6e-35,161.0,420,1518528,Eukaryota,Metazoa,Arthropoda,Insecta,Lepidoptera,Nymphalidae,Melitaea,Melitaea ornata
002cf59cd2e44a32182a87f3c418dd82,KY112806.1,74.524,6e-35,161.0,420,1518528,Eukaryota,Metazoa,Arthropoda,Insecta,Lepidoptera,Nymphalidae,Melitaea,Melitaea ornata
002cf59cd2e44a32182a87f3c418dd82,KY112803.1,74.524,6e-35,161.0,420,1518528,Eukaryota,Metazoa,Arthropoda,Insecta,Lepidoptera,Nymphalidae,Melitaea,Melitaea ornata
002cf59cd2e44a32182a87f3c418dd82,KY112802.1,74.524,6e-35,161.0,420,1518528,Eukaryota,Metazoa,Arthropoda,Insecta,Lepidoptera,Nymphalidae,Melitaea,Melitaea ornata
002cf59cd2e44a32182a87f3c418dd82,KY112799.1,74.524,6e-35,161.0,420,1518528,Eukaryota,Metazoa,Arthropoda,Insecta,Lepidoptera,Nymphalidae,Melitaea,Melitaea ornata
002cf59cd2e44a32182a87f3c418dd82,KU220614.1,74.217,6e-35,161.0,415,2805668,Eukaryota,,Oomycota,,Peronosporales,Peronosporaceae,Phytophthora,Phytophthora kelmanii
002cf59cd2e44a32182a87f3c418dd82,KR110055.1,78.229,6e-35,161.0,271,1642567,Eukaryota,Metazoa,Arthropoda,Insecta,Odonata,Aeshnidae,Rhionaeschna,Rhionaeschna bonariensis
002cf59cd2e44a32182a87f3c418dd82,KR110054.1,78.229,6e-35,161.0,271,1642567,Eukaryota,Metazoa,Arthropoda,Insecta,Odonata,Aeshnidae,Rhionaeschna,Rhionaeschna bonariensis
002cf59cd2e44a32182a87f3c418dd82,KR189017.1,78.229,6e-35,161.0,271,1642567,Eukaryota,Metazoa,Arthropoda,Insecta,Odonata,Aeshnidae,Rhionaeschna,Rhionaeschna bonariensis
002cf59cd2e44a32182a87f3c418dd82,KR189021.1,78.229,6e-35,161.0,271,1642567,Eukaryota,Metazoa,Arthropoda,Insecta,Odonata,Aeshnidae,Rhionaeschna,Rhionaeschna bonariensis
002cf59cd2e44a32182a87f3c418dd82,KT907185.1,74.524,6e-35,161.0,420,1518528,Eukaryota,Metazoa,Arthropoda,Insecta,Lepidoptera,Nymphalidae,Melitaea,Melitaea ornata
002cf59cd2e44a32182a87f3c418dd82,KT907184.1,74.524,6e-35,161.0,420,1518528,Eukaryota,Metazoa,Arthropoda,Insecta,Lepidoptera,Nymphalidae,Melitaea,Melitaea ornata
002cf59cd2e44a32182a87f3c418dd82,KT023261.1,74.524,6e-35,161.0,420,1518528,Eukaryota,Metazoa,Arthropoda,Insecta,Lepidoptera,Nymphalidae,Melitaea,Melitaea ornata
002cf59cd2e44a32182a87f3c418dd82,KJ723650.1,74.524,6e-35,161.0,420,1518528,Eukaryota,Metazoa,Arthropoda,Insecta,Lepidoptera,Nymphalidae,Melitaea,Melitaea ornata
002cf59cd2e44a32182a87f3c418dd82,KJ723649.1,74.524,6e-35,161.0,420,1518528,Eukaryota,Metazoa,Arthropoda,Insecta,Lepidoptera,Nymphalidae,Melitaea,Melitaea ornata
002cf59cd2e44a32182a87f3c418dd82,KJ723648.1,74.524,6e-35,161.0,420,1518528,Eukaryota,Metazoa,Arthropoda,Insecta,Lepidoptera,Nymphalidae,Melitaea,Melitaea ornata
002cf59cd2e44a32182a87f3c418dd82,KJ723646.1,74.524,6e-35,161.0,420,1518528,Eukaryota,Metazoa,Arthropoda,Insecta,Lepidoptera,Nymphalidae,Melitaea,Melitaea ornata
002cf59cd2e44a32182a87f3c418dd82,KJ723645.1,74.524,6e-35,161.0,420,1518528,Eukaryota,Metazoa,Arthropoda,Insecta,Lepidoptera,Nymphalidae,Melitaea,Melitaea ornata
002cf59cd2e44a32182a87f3c418dd82,KJ723643.1,74.524,6e-35,161.0,420,1518528,Eukaryota,Metazoa,Arthropoda,Insecta,Lepidoptera,Nymphalidae,Melitaea,Melitaea ornata
002cf59cd2e44a32182a87f3c418dd82,KJ723641.1,74.524,6e-35,161.0,420,1518528,Eukaryota,Metazoa,Arthropoda,Insecta,Lepidoptera,Nymphalidae,Melitaea,Melitaea ornata
002cf59cd2e44a32182a87f3c418dd82,KJ723640.1,74.524,6e-35,161.0,420,1518528,Eukaryota,Metazoa,Arthropoda,Insecta,Lepidoptera,Nymphalidae,Melitaea,Melitaea ornata
002cf59cd2e44a32182a87f3c418dd82,MW503682.1,74.524,6e-35,161.0,420,1518528,Eukaryota,Metazoa,Arthropoda,Insecta,Lepidoptera,Nymphalidae,Melitaea,Melitaea ornata
002cf59cd2e44a32182a87f3c418dd82,MW503356.1,74.524,6e-35,161.0,420,1518528,Eukaryota,Metazoa,Arthropoda,Insecta,Lepidoptera,Nymphalidae,Melitaea,Melitaea ornata
002cf59cd2e44a32182a87f3c418dd82,MW503262.1,74.524,6e-35,161.0,420,1518528,Eukaryota,Metazoa,Arthropoda,Insecta,Lepidoptera,Nymphalidae,Melitaea,Melitaea ornata
002cf59cd2e44a32182a87f3c418dd82,MW502312.1,74.524,6e-35,161.0,420,1518528,Eukaryota,Metazoa,Arthropoda,Insecta,Lepidoptera,Nymphalidae,Melitaea,Melitaea ornata
002cf59cd2e44a32182a87f3c418dd82,MW502303.1,74.584,6e-35,161.0,421,1518528,Eukaryota,Metazoa,Arthropoda,Insecta,Lepidoptera,Nymphalidae,Melitaea,Melitaea ornata
002cf59cd2e44a32182a87f3c418dd82,MW502078.1,74.524,6e-35,161.0,420,1518528,Eukaryota,Metazoa,Arthropoda,Insecta,Lepidoptera,Nymphalidae,Melitaea,Melitaea ornata
002cf59cd2e44a32182a87f3c418dd82,MW501715.1,74.524,6e-35,161.0,420,1518528,Eukaryota,Metazoa,Arthropoda,Insecta,Lepidoptera,Nymphalidae,Melitaea,Melitaea ornata
002cf59cd2e44a32182a87f3c418dd82,MW501600.1,74.524,6e-35,161.0,420,1518528,Eukaryota,Metazoa,Arthropoda,Insecta,Lepidoptera,Nymphalidae,Melitaea,Melitaea ornata
002cf59cd2e44a32182a87f3c418dd82,MW501423.1,74.524,6e-35,161.0,420,1518528,Eukaryota,Metazoa,Arthropoda,Insecta,Lepidoptera,Nymphalidae,Melitaea,Melitaea ornata
002cf59cd2e44a32182a87f3c418dd82,MW500682.1,74.524,6e-35,161.0,420,1518528,Eukaryota,Metazoa,Arthropoda,Insecta,Lepidoptera,Nymphalidae,Melitaea,Melitaea ornata
002cf59cd2e44a32182a87f3c418dd82,MW500437.1,74.524,6e-35,161.0,420,1518528,Eukaryota,Metazoa,Arthropoda,Insecta,Lepidoptera,Nymphalidae,Melitaea,Melitaea ornata
002cf59cd2e44a32182a87f3c418dd82,MW500249.1,74.524,6e-35,161.0,420,1518528,Eukaryota,Metazoa,Arthropoda,Insecta,Lepidoptera,Nymphalidae,Melitaea,Melitaea ornata
002cf59cd2e44a32182a87f3c418dd82,MW499910.1,74.524,6e-35,161.0,420,1518528,Eukaryota,Metazoa,Arthropoda,Insecta,Lepidoptera,Nymphalidae,Melitaea,Melitaea ornata
002cf59cd2e44a32182a87f3c418dd82,MW499617.1,74.524,6e-35,161.0,420,1518528,Eukaryota,Metazoa,Arthropoda,Insecta,Lepidoptera,Nymphalidae,Melitaea,Melitaea ornata
002cf59cd2e44a32182a87f3c418dd82,MW499141.1,74.524,6e-35,161.0,420,1518528,Eukaryota,Metazoa,Arthropoda,Insecta,Lepidoptera,Nymphalidae,Melitaea,Melitaea ornata
002cf59cd2e44a32182a87f3c418dd82,MW498981.1,74.524,6e-35,161.0,420,1518528,Eukaryota,Metazoa,Arthropoda,Insecta,Lepidoptera,Nymphalidae,Melitaea,Melitaea ornata
002cf59cd2e44a32182a87f3c418dd82,FJ462245.1,74.524,6e-35,161.0,420,578773,Eukaryota,Metazoa,Arthropoda,Insecta,Lepidoptera,Nymphalidae,Melitaea,Melitaea consulis
002cf59cd2e44a32182a87f3c418dd82,KR011724.1,79.654,2e-34,159.0,231,1640444,Eukaryota,Metazoa,Arthropoda,Insecta,Odonata,Aeshnidae,Rhionaeschna,Rhionaeschna galapagoensis
002cf59cd2e44a32182a87f3c418dd82,KY112801.1,74.286,3e-33,156.0,420,1518528,Eukaryota,Metazoa,Arthropoda,Insecta,Lepidoptera,Nymphalidae,Melitaea,Melitaea ornata
002cf59cd2e44a32182a87f3c418dd82,KR139935.1,78.715,3e-33,156.0,249,1642568,Eukaryota,Metazoa,Arthropoda,Insecta,Odonata,Aeshnidae,Rhionaeschna,Rhionaeschna cornigera
002cf59cd2e44a32182a87f3c418dd82,OL664336.1,74.163,3e-33,156.0,418,183366,Eukaryota,Metazoa,Arthropoda,Insecta,Coleoptera,Dytiscidae,Prodaticus,Prodaticus grammicus
002cf59cd2e44a32182a87f3c418dd82,OL664335.1,74.163,3e-33,156.0,418,183366,Eukaryota,Metazoa,Arthropoda,Insecta,Coleoptera,Dytiscidae,Prodaticus,Prodaticus grammicus
002cf59cd2e44a32182a87f3c418dd82,OL664334.1,74.163,3e-33,156.0,418,183366,Eukaryota,Metazoa,Arthropoda,Insecta,Coleoptera,Dytiscidae,Prodaticus,Prodaticus grammicus
002cf59cd2e44a32182a87f3c418dd82,OL664119.1,74.163,3e-33,156.0,418,1678306,Eukaryota,Metazoa,Arthropoda,Insecta,Lepidoptera,Papilionidae,Sericinus,Sericinus montela
002cf59cd2e44a32182a87f3c418dd82,OL664118.1,74.163,3e-33,156.0,418,1678306,Eukaryota,Metazoa,Arthropoda,Insecta,Lepidoptera,Papilionidae,Sericinus,Sericinus montela
002cf59cd2e44a32182a87f3c418dd82,OL664117.1,74.163,3e-33,156.0,418,1678306,Eukaryota,Metazoa,Arthropoda,Insecta,Lepidoptera,Papilionidae,Sericinus,Sericinus montela
002cf59cd2e44a32182a87f3c418dd82,KF808533.1,74.201,3e-33,156.0,407,199051,Eukaryota,Metazoa,Arthropoda,Insecta,Lepidoptera,Gracillariidae,Phyllonorycter,Phyllonorycter maestingella
002cf59cd2e44a32182a87f3c418dd82,KF388911.1,74.224,3e-33,156.0,419,344272,Eukaryota,Metazoa,Arthropoda,Insecta,Lepidoptera,Geometridae,Idiodes,Idiodes apicata
002cf59cd2e44a32182a87f3c418dd82,MW502099.1,74.347,3e-33,156.0,421,1518528,Eukaryota,Metazoa,Arthropoda,Insecta,Lepidoptera,Nymphalidae,Melitaea,Melitaea ornata
002cf59cd2e44a32182a87f3c418dd82,MW500561.1,74.286,3e-33,156.0,420,1518528,Eukaryota,Metazoa,Arthropoda,Insecta,Lepidoptera,Nymphalidae,Melitaea,Melitaea ornata
002cf59cd2e44a32182a87f3c418dd82,GU372551.1,74.163,3e-33,156.0,418,1678306,Eukaryota,Metazoa,Arthropoda,Insecta,Lepidoptera,Papilionidae,Sericinus,Sericinus montela
002cf59cd2e44a32182a87f3c418dd82,GU696029.1,74.163,3e-33,156.0,418,1678306,Eukaryota,Metazoa,Arthropoda,Insecta,Lepidoptera,Papilionidae,Sericinus,Sericinus montela
002cf59cd2e44a32182a87f3c418dd82,EF473827.1,74.163,3e-33,156.0,418,1678306,Eukaryota,Metazoa,Arthropoda,Insecta,Lepidoptera,Papilionidae,Sericinus,Sericinus montela
002cf59cd2e44a32182a87f3c418dd82,AF170868.1,74.163,3e-33,156.0,418,1678306,Eukaryota,Metazoa,Arthropoda,Insecta,Lepidoptera,Papilionidae,Sericinus,Sericinus montela
002cf59cd2e44a32182a87f3c418dd82,JN171031.1,74.93,4e-32,152.0,355,1166730,Eukaryota,Metazoa,Arthropoda,Insecta,Coleoptera,Carabidae,Bembidion,Bembidion errans
002cf59cd2e44a32182a87f3c418dd82,HM916459.1,73.634,4e-32,152.0,421,1204437,Eukaryota,,Rhodophyta,Florideophyceae,Ceramiales,Delesseriaceae,Membranoptera,Membranoptera platyphylla
002cf59cd2e44a32182a87f3c418dd82,HM917025.1,73.634,4e-32,152.0,421,1204437,Eukaryota,,Rhodophyta,Florideophyceae,Ceramiales,Delesseriaceae,Membranoptera,Membranoptera platyphylla
002cf59cd2e44a32182a87f3c418dd82,MK386607.1,73.923,1e-31,150.0,418,1678306,Eukaryota,Metazoa,Arthropoda,Insecta,Lepidoptera,Papilionidae,Sericinus,Sericinus montela
002cf59cd2e44a32182a87f3c418dd82,MW924655.1,85.235,1e-31,150.0,149,691171,Eukaryota,Fungi,Ascomycota,Pezizomycetes,Pezizales,Tuberaceae,Tuber,Tuber umbilicatum
002cf59cd2e44a32182a87f3c418dd82,KF389097.1,73.861,1e-31,150.0,417,1375063,Eukaryota,Metazoa,Arthropoda,Insecta,Lepidoptera,Gelechiidae,Megacraspedus,Megacraspedus popularis
002cf59cd2e44a32182a87f3c418dd82,KF398288.1,73.986,1e-31,150.0,419,1377033,Eukaryota,Metazoa,Arthropoda,Insecta,Lepidoptera,Tortricidae,Sorolopha,Sorolopha archimedias
002cf59cd2e44a32182a87f3c418dd82,HQ259122.1,73.923,1e-31,150.0,418,1678306,Eukaryota,Metazoa,Arthropoda,Insecta,Lepidoptera,Papilionidae,Sericinus,Sericinus montela
002cf59cd2e44a32182a87f3c418dd82,MH673867.1,74.373,5e-31,148.0,359,569913,Eukaryota,Metazoa,Arthropoda,Arachnida,Araneae,Salticidae,Mexcala,Mexcala elegans
002cf59cd2e44a32182a87f3c418dd82,JX145683.1,83.871,5e-31,148.0,155,458708,Eukaryota,Metazoa,Arthropoda,Arachnida,Araneae,Salticidae,Padilla,Padilla mitohy
002cf59cd2e44a32182a87f3c418dd82,MT260024.1,74.788,5e-31,148.0,353,2720697,Eukaryota,Metazoa,Arthropoda,Insecta,Coleoptera,Tenebrionidae,,Pimeliinae gen. sp. 1 MJK-2020
002cf59cd2e44a32182a87f3c418dd82,KU821146.1,73.397,2e-30,147.0,421,1204437,Eukaryota,,Rhodophyta,Florideophyceae,Ceramiales,Delesseriaceae,Membranoptera,Membranoptera platyphylla
002cf59cd2e44a32182a87f3c418dd82,JX111873.1,73.397,2e-30,147.0,421,1204437,Eukaryota,,Rhodophyta,Florideophyceae,Ceramiales,Delesseriaceae,Membranoptera,Membranoptera platyphylla
002cf59cd2e44a32182a87f3c418dd82,JX111871.1,73.397,2e-30,147.0,421,1204437,Eukaryota,,Rhodophyta,Florideophyceae,Ceramiales,Delesseriaceae,Membranoptera,Membranoptera platyphylla
002cf59cd2e44a32182a87f3c418dd82,HM916509.1,73.397,2e-30,147.0,421,1204437,Eukaryota,,Rhodophyta,Florideophyceae,Ceramiales,Delesseriaceae,Membranoptera,Membranoptera platyphylla
002cf59cd2e44a32182a87f3c418dd82,HM917179.1,73.397,2e-30,147.0,421,1204437,Eukaryota,,Rhodophyta,Florideophyceae,Ceramiales,Delesseriaceae,Membranoptera,Membranoptera platyphylla
002cf59cd2e44a32182a87f3c418dd82,KR110050.1,79.091,6e-30,145.0,220,1640444,Eukaryota,Metazoa,Arthropoda,Insecta,Odonata,Aeshnidae,Rhionaeschna,Rhionaeschna galapagoensis
002cf59cd2e44a32182a87f3c418dd82,KT907206.1,73.81,6e-30,145.0,420,1816287,Eukaryota,Metazoa,Arthropoda,Insecta,Lepidoptera,Nymphalidae,Melitaea,Melitaea abbas
002cf59cd2e44a32182a87f3c418dd82,KT907202.1,73.747,6e-30,145.0,419,1816287,Eukaryota,Metazoa,Arthropoda,Insecta,Lepidoptera,Nymphalidae,Melitaea,Melitaea abbas
002cf59cd2e44a32182a87f3c418dd82,KT907200.1,73.747,6e-30,145.0,419,1816287,Eukaryota,Metazoa,Arthropoda,Insecta,Lepidoptera,Nymphalidae,Melitaea,Melitaea abbas
002cf59cd2e44a32182a87f3c418dd82,KT907199.1,73.747,6e-30,145.0,419,1816287,Eukaryota,Metazoa,Arthropoda,Insecta,Lepidoptera,Nymphalidae,Melitaea,Melitaea abbas
002cf59cd2e44a32182a87f3c418dd82,KM199619.1,73.747,6e-30,145.0,419,1241451,Eukaryota,Metazoa,Arthropoda,Insecta,Coleoptera,Gyrinidae,Gyrinus,Gyrinus gibber
002cf59cd2e44a32182a87f3c418dd82,KF388199.1,73.621,6e-30,145.0,417,1377164,Eukaryota,Metazoa,Arthropoda,Insecta,Lepidoptera,Geometridae,Symmimetis,Symmimetis muscosa
002cf59cd2e44a32182a87f3c418dd82,MT763873.1,73.647,6e-30,145.0,425,2753789,Eukaryota,Metazoa,Arthropoda,Insecta,Diptera,Tephritidae,Anastrepha,Anastrepha sp. Peru 44A
002cf59cd2e44a32182a87f3c418dd82,MH070210.1,74.576,2e-29,143.0,354,95504,Eukaryota,Metazoa,Arthropoda,Insecta,Diptera,Tephritidae,Anastrepha,Anastrepha fraterculus
002cf59cd2e44a32182a87f3c418dd82,GU663969.1,73.832,2e-29,143.0,428,1107724,Eukaryota,Metazoa,Arthropoda,Insecta,Lepidoptera,Saturniidae,Rhodinia,Rhodinia silkae
002cf59cd2e44a32182a87f3c418dd82,GU663966.1,73.832,2e-29,143.0,428,1107724,Eukaryota,Metazoa,Arthropoda,Insecta,Lepidoptera,Saturniidae,Rhodinia,Rhodinia silkae
002cf59cd2e44a32182a87f3c418dd82,MW307226.1,75.912,8e-29,141.0,274,2291878,Eukaryota,Metazoa,Arthropoda,Insecta,Ephemeroptera,Baetidae,Labiobaetis,Labiobaetis alahmadii
002cf59cd2e44a32182a87f3c418dd82,JX111874.1,73.159,8e-29,141.0,421,1204437,Eukaryota,,Rhodophyta,Florideophyceae,Ceramiales,Delesseriaceae,Membranoptera,Membranoptera platyphylla
002cf59cd2e44a32182a87f3c418dd82,MH070207.1,73.317,3e-28,139.0,416,95504,Eukaryota,Metazoa,Arthropoda,Insecta,Diptera,Tephritidae,Anastrepha,Anastrepha fraterculus
002cf59cd2e44a32182a87f3c418dd82,MH070198.1,73.317,3e-28,139.0,416,95504,Eukaryota,Metazoa,Arthropoda,Insecta,Diptera,Tephritidae,Anastrepha,Anastrepha fraterculus
002cf59cd2e44a32182a87f3c418dd82,MH070193.1,73.317,3e-28,139.0,416,95504,Eukaryota,Metazoa,Arthropoda,Insecta,Diptera,Tephritidae,Anastrepha,Anastrepha fraterculus
002cf59cd2e44a32182a87f3c418dd82,MH415651.1,73.508,3e-28,139.0,419,2317085,Eukaryota,Metazoa,Arthropoda,Insecta,Lepidoptera,Pyralidae,Aurana,Aurana sp. KLM Lep 02530
002cf59cd2e44a32182a87f3c418dd82,KR189023.1,78.733,3e-28,139.0,221,1628718,Eukaryota,Metazoa,Arthropoda,Insecta,Odonata,Aeshnidae,Rhionaeschna,Rhionaeschna elsia
002cf59cd2e44a32182a87f3c418dd82,KU381613.1,73.634,3e-28,139.0,421,1213040,Eukaryota,Metazoa,Arthropoda,Insecta,Lepidoptera,Geometridae,Oxydia,Oxydia sp. BOLD:AAY7412
002cf59cd2e44a32182a87f3c418dd82,MT642611.1,73.253,3e-28,139.0,415,700735,Eukaryota,Metazoa,Arthropoda,Insecta,Hemiptera,Cicadellidae,Anagonalia,Anagonalia melichari
002cf59cd2e44a32182a87f3c418dd82,JX150623.1,73.634,3e-28,139.0,421,1213040,Eukaryota,Metazoa,Arthropoda,Insecta,Lepidoptera,Geometridae,Oxydia,Oxydia sp. BOLD:AAY7412
002cf59cd2e44a32182a87f3c418dd82,JQ551745.1,73.508,3e-28,139.0,419,1139612,Eukaryota,Metazoa,Arthropoda,Insecta,Lepidoptera,Noctuidae,Parangitia,Parangitia sp. diaperasDHJ01
002cf59cd2e44a32182a87f3c418dd82,EU699143.1,73.571,3e-28,139.0,420,554677,Eukaryota,Metazoa,Arthropoda,Insecta,Archaeognatha,Machilidae,Pedetontinus,Pedetontinus yinae
002cf59cd2e44a32182a87f3c418dd82,MH070216.1,74.294,1e-27,137.0,354,95504,Eukaryota,Metazoa,Arthropoda,Insecta,Diptera,Tephritidae,Anastrepha,Anastrepha fraterculus
002cf59cd2e44a32182a87f3c418dd82,MH070214.1,74.294,1e-27,137.0,354,95504,Eukaryota,Metazoa,Arthropoda,Insecta,Diptera,Tephritidae,Anastrepha,Anastrepha fraterculus
002cf59cd2e44a32182a87f3c418dd82,MH070209.1,74.294,1e-27,137.0,354,95504,Eukaryota,Metazoa,Arthropoda,Insecta,Diptera,Tephritidae,Anastrepha,Anastrepha fraterculus
002cf59cd2e44a32182a87f3c418dd82,MH070206.1,74.294,1e-27,137.0,354,95504,Eukaryota,Metazoa,Arthropoda,Insecta,Diptera,Tephritidae,Anastrepha,Anastrepha fraterculus
002cf59cd2e44a32182a87f3c418dd82,MH070205.1,74.294,1e-27,137.0,354,95504,Eukaryota,Metazoa,Arthropoda,Insecta,Diptera,Tephritidae,Anastrepha,Anastrepha fraterculus
002cf59cd2e44a32182a87f3c418dd82,MH070199.1,74.294,1e-27,137.0,354,95504,Eukaryota,Metazoa,Arthropoda,Insecta,Diptera,Tephritidae,Anastrepha,Anastrepha fraterculus
002cf59cd2e44a32182a87f3c418dd82,MH070197.1,74.294,1e-27,137.0,354,95504,Eukaryota,Metazoa,Arthropoda,Insecta,Diptera,Tephritidae,Anastrepha,Anastrepha fraterculus
002cf59cd2e44a32182a87f3c418dd82,MH070195.1,74.294,1e-27,137.0,354,95504,Eukaryota,Metazoa,Arthropoda,Insecta,Diptera,Tephritidae,Anastrepha,Anastrepha fraterculus
002cf59cd2e44a32182a87f3c418dd82,MH070194.1,74.294,1e-27,137.0,354,95504,Eukaryota,Metazoa,Arthropoda,Insecta,Diptera,Tephritidae,Anastrepha,Anastrepha fraterculus
002cf59cd2e44a32182a87f3c418dd82,MH070192.1,74.294,1e-27,137.0,354,95504,Eukaryota,Metazoa,Arthropoda,Insecta,Diptera,Tephritidae,Anastrepha,Anastrepha fraterculus
002cf59cd2e44a32182a87f3c418dd82,MH070191.1,74.294,1e-27,137.0,354,95504,Eukaryota,Metazoa,Arthropoda,Insecta,Diptera,Tephritidae,Anastrepha,Anastrepha fraterculus
002cf59cd2e44a32182a87f3c418dd82,MH070190.1,74.294,1e-27,137.0,354,95504,Eukaryota,Metazoa,Arthropoda,Insecta,Diptera,Tephritidae,Anastrepha,Anastrepha fraterculus
002cf59cd2e44a32182a87f3c418dd82,MH070189.1,74.294,1e-27,137.0,354,95504,Eukaryota,Metazoa,Arthropoda,Insecta,Diptera,Tephritidae,Anastrepha,Anastrepha fraterculus
002cf59cd2e44a32182a87f3c418dd82,MH070188.1,74.294,1e-27,137.0,354,95504,Eukaryota,Metazoa,Arthropoda,Insecta,Diptera,Tephritidae,Anastrepha,Anastrepha fraterculus
002cf59cd2e44a32182a87f3c418dd82,MK084515.1,74.294,1e-27,137.0,354,95504,Eukaryota,Metazoa,Arthropoda,Insecta,Diptera,Tephritidae,Anastrepha,Anastrepha fraterculus
002cf59cd2e44a32182a87f3c418dd82,MK084514.1,74.294,1e-27,137.0,354,95504,Eukaryota,Metazoa,Arthropoda,Insecta,Diptera,Tephritidae,Anastrepha,Anastrepha fraterculus
002cf59cd2e44a32182a87f3c418dd82,MK084513.1,74.294,1e-27,137.0,354,95504,Eukaryota,Metazoa,Arthropoda,Insecta,Diptera,Tephritidae,Anastrepha,Anastrepha fraterculus
002cf59cd2e44a32182a87f3c418dd82,KU907988.1,78.355,1e-27,137.0,231,1971274,Eukaryota,Metazoa,Arthropoda,Insecta,Coleoptera,Staphylinidae,Bibloporus,Bibloporus ultimus
002cf59cd2e44a32182a87f3c418dd82,KX926433.1,74.294,1e-27,137.0,354,95504,Eukaryota,Metazoa,Arthropoda,Insecta,Diptera,Tephritidae,Anastrepha,Anastrepha fraterculus
002cf59cd2e44a32182a87f3c418dd82,KR674186.1,76.157,1e-27,137.0,281,1699712,Eukaryota,Metazoa,Arthropoda,Insecta,Hemiptera,Cicadidae,Hadoa,Hadoa longiopercula
002cf59cd2e44a32182a87f3c418dd82,KR674178.1,76.157,1e-27,137.0,281,1699712,Eukaryota,Metazoa,Arthropoda,Insecta,Hemiptera,Cicadidae,Hadoa,Hadoa longiopercula
002cf59cd2e44a32182a87f3c418dd82,MT672116.1,74.294,1e-27,137.0,354,2748526,Eukaryota,Metazoa,Arthropoda,Insecta,Diptera,Tephritidae,Anastrepha,Anastrepha fraterculus complex sp. Teph04
002cf59cd2e44a32182a87f3c418dd82,MW214053.1,73.879,1e-27,137.0,379,199051,Eukaryota,Metazoa,Arthropoda,Insecta,Lepidoptera,Gracillariidae,Phyllonorycter,Phyllonorycter maestingella
002cf59cd2e44a32182a87f3c418dd82,JX445944.1,73.58,1e-27,137.0,405,1678306,Eukaryota,Metazoa,Arthropoda,Insecta,Lepidoptera,Papilionidae,Sericinus,Sericinus montela
002cf59cd2e44a32182a87f3c418dd82,HQ977206.1,77.922,1e-27,137.0,231,1088313,Eukaryota,Metazoa,Arthropoda,Insecta,Lepidoptera,Sphingidae,Theretra,Theretra tessmanni
002cf59cd2e44a32182a87f3c418dd82,HQ977205.1,77.922,1e-27,137.0,231,1088313,Eukaryota,Metazoa,Arthropoda,Insecta,Lepidoptera,Sphingidae,Theretra,Theretra tessmanni
002cf59cd2e44a32182a87f3c418dd82,GU664096.1,73.598,1e-27,137.0,428,1107724,Eukaryota,Metazoa,Arthropoda,Insecta,Lepidoptera,Saturniidae,Rhodinia,Rhodinia silkae
002cf59cd2e44a32182a87f3c418dd82,GU663968.1,73.598,1e-27,137.0,428,1107724,Eukaryota,Metazoa,Arthropoda,Insecta,Lepidoptera,Saturniidae,Rhodinia,Rhodinia silkae
002cf59cd2e44a32182a87f3c418dd82,GU663967.1,73.598,1e-27,137.0,428,1107724,Eukaryota,Metazoa,Arthropoda,Insecta,Lepidoptera,Saturniidae,Rhodinia,Rhodinia silkae
002cf59cd2e44a32182a87f3c418dd82,MW307227.1,75.547,4e-27,135.0,274,2291878,Eukaryota,Metazoa,Arthropoda,Insecta,Ephemeroptera,Baetidae,Labiobaetis,Labiobaetis alahmadii
002cf59cd2e44a32182a87f3c418dd82,MW499313.1,74.084,4e-27,135.0,382,1518528,Eukaryota,Metazoa,Arthropoda,Insecta,Lepidoptera,Nymphalidae,Melitaea,Melitaea ornata
002cf59cd2e44a32182a87f3c418dd82,MH928304.1,81.481,1e-26,134.0,162,2503258,Eukaryota,Metazoa,Arthropoda,Insecta,Hymenoptera,Braconidae,,Braconidae sp. INDOBIOSYS-CCDB25221-B04
002cf59cd2e44a32182a87f3c418dd82,MG967758.1,73.479,1e-26,134.0,411,2173466,Eukaryota,Metazoa,Arthropoda,Insecta,Diptera,Sarcophagidae,Lepidodexia,Lepidodexia rufitibia
002cf59cd2e44a32182a87f3c418dd82,KR790653.1,73.977,1e-26,134.0,342,1887775,Eukaryota,Metazoa,Arthropoda,Insecta,Hymenoptera,Braconidae,,Euphorinae sp. BOLD-2016
002cf59cd2e44a32182a87f3c418dd82,KR189016.1,78.182,1e-26,134.0,220,1628718,Eukaryota,Metazoa,Arthropoda,Insecta,Odonata,Aeshnidae,Rhionaeschna,Rhionaeschna elsia
002cf59cd2e44a32182a87f3c418dd82,KR189019.1,78.182,1e-26,134.0,220,1628718,Eukaryota,Metazoa,Arthropoda,Insecta,Odonata,Aeshnidae,Rhionaeschna,Rhionaeschna elsia
002cf59cd2e44a32182a87f3c418dd82,KJ962901.1,73.206,1e-26,134.0,418,357801,Eukaryota,Metazoa,Arthropoda,Insecta,Coleoptera,Gyrinidae,Gyrinus,Gyrinus minutus
002cf59cd2e44a32182a87f3c418dd82,GU713029.1,77.489,1e-26,134.0,231,1081945,Eukaryota,Metazoa,Arthropoda,Insecta,Odonata,Aeshnidae,Basiaeschna,Basiaeschna janata
002cf59cd2e44a32182a87f3c418dd82,MH070215.1,74.011,5e-26,132.0,354,95504,Eukaryota,Metazoa,Arthropoda,Insecta,Diptera,Tephritidae,Anastrepha,Anastrepha fraterculus
002cf59cd2e44a32182a87f3c418dd82,OL809801.1,73.988,5e-26,132.0,346,2909217,Eukaryota,,Rhodophyta,Florideophyceae,Gelidiales,Pterocladiaceae,Pterocladiella,Pterocladiella sp. 15
002cf59cd2e44a32182a87f3c418dd82,KF643058.1,74.085,5e-26,132.0,355,1421240,Eukaryota,Metazoa,Arthropoda,Insecta,Lepidoptera,Carposinidae,,Carposinidae sp. BOLD:ABW6785
002cf59cd2e44a32182a87f3c418dd82,KF643046.1,74.085,5e-26,132.0,355,1421240,Eukaryota,Metazoa,Arthropoda,Insecta,Lepidoptera,Carposinidae,,Carposinidae sp. BOLD:ABW6785
002cf59cd2e44a32182a87f3c418dd82,HQ573927.1,77.489,5e-26,132.0,231,1088295,Eukaryota,Metazoa,Arthropoda,Insecta,Lepidoptera,Sphingidae,Theretra,Theretra jugurtha
002cf59cd2e44a32182a87f3c418dd82,JN678283.1,74.843,2e-25,130.0,318,1087624,Eukaryota,Metazoa,Arthropoda,Insecta,Lepidoptera,Sphingidae,Neopolyptychus,Neopolyptychus consimilis
002cf59cd2e44a32182a87f3c418dd82,MT029329.1,85.833,6e-25,128.0,120,375577,Eukaryota,Metazoa,Arthropoda,Arachnida,Ixodida,Ixodidae,Amblyomma,Amblyomma testudinarium
002cf59cd2e44a32182a87f3c418dd82,KP870659.1,73.095,6e-25,128.0,420,104515,Eukaryota,Metazoa,Arthropoda,Insecta,Lepidoptera,Nymphalidae,Melitaea,Melitaea didyma
002cf59cd2e44a32182a87f3c418dd82,KJ966583.1,72.967,6e-25,128.0,418,357801,Eukaryota,Metazoa,Arthropoda,Insecta,Coleoptera,Gyrinidae,Gyrinus,Gyrinus minutus
002cf59cd2e44a32182a87f3c418dd82,JX445945.1,73.3,6e-25,128.0,397,1678306,Eukaryota,Metazoa,Arthropoda,Insecta,Lepidoptera,Papilionidae,Sericinus,Sericinus montela
002cf59cd2e44a32182a87f3c418dd82,HQ573949.1,80.982,6e-25,128.0,163,1088295,Eukaryota,Metazoa,Arthropoda,Insecta,Lepidoptera,Sphingidae,Theretra,Theretra jugurtha
002cf59cd2e44a32182a87f3c418dd82,HQ573929.1,80.982,6e-25,128.0,163,1088295,Eukaryota,Metazoa,Arthropoda,Insecta,Lepidoptera,Sphingidae,Theretra,Theretra jugurtha
002cf59cd2e44a32182a87f3c418dd82,HQ573928.1,80.982,6e-25,128.0,163,1088295,Eukaryota,Metazoa,Arthropoda,Insecta,Lepidoptera,Sphingidae,Theretra,Theretra jugurtha
002cf59cd2e44a32182a87f3c418dd82,GU676464.1,73.095,6e-25,128.0,420,104515,Eukaryota,Metazoa,Arthropoda,Insecta,Lepidoptera,Nymphalidae,Melitaea,Melitaea didyma
002cf59cd2e44a32182a87f3c418dd82,GU674672.1,73.095,6e-25,128.0,420,842863,Eukaryota,Metazoa,Arthropoda,Insecta,Lepidoptera,,,Lepidoptera sp. BOLD:AAE8992
002cf59cd2e44a32182a87f3c418dd82,GU664983.1,72.902,6e-25,128.0,417,843342,Eukaryota,Metazoa,Arthropoda,Insecta,Lepidoptera,,,Lepidoptera sp. BOLD:AAF2024
002cf59cd2e44a32182a87f3c418dd82,MF616867.1,73.729,2e-24,126.0,354,1166749,Eukaryota,Metazoa,Arthropoda,Insecta,Coleoptera,Carabidae,Bembidion,Bembidion argenteolum
002cf59cd2e44a32182a87f3c418dd82,MK032783.1,81.29,2e-24,126.0,155,1463560,Eukaryota,Metazoa,Arthropoda,Insecta,Hemiptera,Cicadellidae,Nirvana,Nirvana pallida
002cf59cd2e44a32182a87f3c418dd82,MK739551.1,72.986,3e-23,122.0,422,2568961,Eukaryota,Metazoa,Arthropoda,Insecta,Lepidoptera,Geometridae,Gonogala,Gonogala lactea
002cf59cd2e44a32182a87f3c418dd82,MK739550.1,72.986,3e-23,122.0,422,2568893,Eukaryota,Metazoa,Arthropoda,Insecta,Lepidoptera,Geometridae,Anomphax,Anomphax gnoma
002cf59cd2e44a32182a87f3c418dd82,MK032779.1,80.645,3e-23,122.0,155,1463560,Eukaryota,Metazoa,Arthropoda,Insecta,Hemiptera,Cicadellidae,Nirvana,Nirvana pallida
002cf59cd2e44a32182a87f3c418dd82,KX106971.1,76.856,3e-23,122.0,229,699882,Eukaryota,Metazoa,Arthropoda,Insecta,Trichoptera,Kokiriidae,Kokiria,Kokiria miharo
002cf59cd2e44a32182a87f3c418dd82,KP986421.1,81.333,3e-23,122.0,150,1703349,Eukaryota,Metazoa,Arthropoda,Insecta,Blattodea,Blattidae,Methana,Methana athertonensis
002cf59cd2e44a32182a87f3c418dd82,OM598739.1,72.857,3e-23,122.0,420,2938539,Eukaryota,Metazoa,Arthropoda,Insecta,Lepidoptera,Tineidae,,Tineidae sp.
002cf59cd2e44a32182a87f3c418dd82,OM545930.1,72.857,3e-23,122.0,420,2938539,Eukaryota,Metazoa,Arthropoda,Insecta,Lepidoptera,Tineidae,,Tineidae sp.
002cf59cd2e44a32182a87f3c418dd82,OM368313.1,85.0,3e-23,122.0,120,2730045,Eukaryota,Metazoa,Arthropoda,Arachnida,Ixodida,Ixodidae,Amblyomma,Amblyomma sp.
002cf59cd2e44a32182a87f3c418dd82,KJ465911.1,80.503,3e-23,122.0,159,1463560,Eukaryota,Metazoa,Arthropoda,Insecta,Hemiptera,Cicadellidae,Nirvana,Nirvana pallida
002cf59cd2e44a32182a87f3c418dd82,KC157607.1,73.746,3e-23,122.0,339,1281654,Eukaryota,,Rhodophyta,Florideophyceae,Gigartinales,Kallymeniaceae,Meredithia,Meredithia guiryorum
002cf59cd2e44a32182a87f3c418dd82,KC157598.1,73.746,3e-23,122.0,339,1281654,Eukaryota,,Rhodophyta,Florideophyceae,Gigartinales,Kallymeniaceae,Meredithia,Meredithia guiryorum
002cf59cd2e44a32182a87f3c418dd82,GU699395.1,72.792,3e-23,122.0,419,831730,Eukaryota,Metazoa,Arthropoda,Insecta,Lepidoptera,,,Lepidoptera sp. BOLD:AAA3463
002cf59cd2e44a32182a87f3c418dd82,MK032778.1,80.645,1e-22,121.0,155,1463560,Eukaryota,Metazoa,Arthropoda,Insecta,Hemiptera,Cicadellidae,Nirvana,Nirvana pallida
002cf59cd2e44a32182a87f3c418dd82,LC500536.1,76.419,4e-22,119.0,229,2614030,Eukaryota,Metazoa,Arthropoda,Insecta,Diptera,Mycetophilidae,Mycomya,Mycomya sp. SK-2019B
002cf59cd2e44a32182a87f3c418dd82,KU755644.1,74.729,4e-22,119.0,277,1902784,Eukaryota,Metazoa,Arthropoda,Arachnida,Scorpiones,Bothriuridae,Brachistosternus,Brachistosternus sp. 1 LP-2016
002cf59cd2e44a32182a87f3c418dd82,JN678633.1,78.351,4e-22,119.0,194,1088313,Eukaryota,Metazoa,Arthropoda,Insecta,Lepidoptera,Sphingidae,Theretra,Theretra tessmanni
002cf59cd2e44a32182a87f3c418dd82,JQ544537.1,72.705,1e-21,117.0,414,1101851,Eukaryota,Metazoa,Arthropoda,Insecta,Lepidoptera,Pyralidae,Chrysauginae gen. chryBioLep01,Chrysauginae gen. chryBioLep01 sp. BioLep506
002cf59cd2e44a32182a87f3c418dd82,FN600938.1,76.419,1e-21,117.0,229,699882,Eukaryota,Metazoa,Arthropoda,Insecta,Trichoptera,Kokiriidae,Kokiria,Kokiria miharo
002cf59cd2e44a32182a87f3c418dd82,AM231514.1,72.596,1e-21,117.0,416,330374,Eukaryota,Metazoa,Arthropoda,Insecta,Lepidoptera,Papilionidae,Zerynthia,Zerynthia rumina
002cf59cd2e44a32182a87f3c418dd82,MK084060.1,80.128,5e-21,115.0,156,2514788,Eukaryota,Metazoa,Arthropoda,Insecta,Coleoptera,Erotylidae,,Erotylidae sp. INDOBIOSYS-CCDB25321-C09
002cf59cd2e44a32182a87f3c418dd82,MK080893.1,80.128,5e-21,115.0,156,2514787,Eukaryota,Metazoa,Arthropoda,Insecta,Coleoptera,Erotylidae,,Erotylidae sp. INDOBIOSYS-CCDB25078-B06
002cf59cd2e44a32182a87f3c418dd82,MK080772.1,80.128,5e-21,115.0,156,2514785,Eukaryota,Metazoa,Arthropoda,Insecta,Coleoptera,Erotylidae,,Erotylidae sp. INDOBIOSYS-CCDB25078-A02
002cf59cd2e44a32182a87f3c418dd82,MT763937.1,72.823,5e-21,115.0,379,None,,,,,,,,
002cf59cd2e44a32182a87f3c418dd82,MT763936.1,72.823,5e-21,115.0,379,None,,,,,,,,
002cf59cd2e44a32182a87f3c418dd82,KP979220.1,81.955,2e-20,113.0,133,1685235,Eukaryota,Metazoa,Arthropoda,Arachnida,Trombidiformes,Rhagidiidae,,Rhagidiidae sp. BOLD:ACI6339
002cf59cd2e44a32182a87f3c418dd82,HM398925.1,79.355,2e-20,113.0,155,2549597,Eukaryota,Metazoa,Arthropoda,Insecta,Coleoptera,Curculionidae,,Curculionidae sp. CURCU188-09
002cf59cd2e44a32182a87f3c418dd82,AY513411.1,73.563,2e-20,113.0,348,269934,Eukaryota,Metazoa,Arthropoda,Insecta,Hemiptera,Membracidae,Aconophora,Aconophora mexicana
002cf59cd2e44a32182a87f3c418dd82,KC157618.1,73.043,6e-20,111.0,345,1281655,Eukaryota,,Rhodophyta,Florideophyceae,Gigartinales,Kallymeniaceae,Meredithia,Meredithia sp. 2WA
002cf59cd2e44a32182a87f3c418dd82,AF367650.1,75.62,6e-20,111.0,242,179936,Eukaryota,Metazoa,Mollusca,Gastropoda,Littorinimorpha,Hydrobiidae,Alzoniella,Alzoniella finalina
002cf59cd2e44a32182a87f3c418dd82,MW213861.1,73.066,2e-19,110.0,349,199051,Eukaryota,Metazoa,Arthropoda,Insecta,Lepidoptera,Gracillariidae,Phyllonorycter,Phyllonorycter maestingella
002cf59cd2e44a32182a87f3c418dd82,MW213417.1,73.066,2e-19,110.0,349,199051,Eukaryota,Metazoa,Arthropoda,Insecta,Lepidoptera,Gracillariidae,Phyllonorycter,Phyllonorycter maestingella
002cf59cd2e44a32182a87f3c418dd82,MW212070.1,73.066,2e-19,110.0,349,199051,Eukaryota,Metazoa,Arthropoda,Insecta,Lepidoptera,Gracillariidae,Phyllonorycter,Phyllonorycter maestingella
002cf59cd2e44a32182a87f3c418dd82,HM398916.1,79.355,2e-19,110.0,155,2549596,Eukaryota,Metazoa,Arthropoda,Insecta,Coleoptera,Curculionidae,,Curculionidae sp. CURCU063-09
002cf59cd2e44a32182a87f3c418dd82,HM398915.1,79.355,2e-19,110.0,155,2549595,Eukaryota,Metazoa,Arthropoda,Insecta,Coleoptera,Curculionidae,,Curculionidae sp. CURCU059-09
002cf59cd2e44a32182a87f3c418dd82,AF000046.1,72.599,2e-19,110.0,354,55281,Eukaryota,Metazoa,Mollusca,Cephalopoda,,Idiosepiidae,Idiosepius,Idiosepius pygmaeus
002cf59cd2e44a32182a87f3c418dd82,KM833841.1,83.929,8e-19,108.0,112,1685235,Eukaryota,Metazoa,Arthropoda,Arachnida,Trombidiformes,Rhagidiidae,,Rhagidiidae sp. BOLD:ACI6339
002cf59cd2e44a32182a87f3c418dd82,MN521130.1,80.576,8e-19,108.0,139,2727141,Eukaryota,Metazoa,Arthropoda,Insecta,Hemiptera,Cicadellidae,,Cicadellidae sp. SAEVG Morph0389
002cf59cd2e44a32182a87f3c418dd82,MK543398.1,74.46,3e-18,106.0,278,129994,Eukaryota,Metazoa,Arthropoda,Insecta,Hymenoptera,Agaonidae,Eupristina,Eupristina verticillata
002cf59cd2e44a32182a87f3c418dd82,MK543397.1,74.46,3e-18,106.0,278,129994,Eukaryota,Metazoa,Arthropoda,Insecta,Hymenoptera,Agaonidae,Eupristina,Eupristina verticillata
002cf59cd2e44a32182a87f3c418dd82,MK543396.1,74.46,3e-18,106.0,278,129994,Eukaryota,Metazoa,Arthropoda,Insecta,Hymenoptera,Agaonidae,Eupristina,Eupristina verticillata
002cf59cd2e44a32182a87f3c418dd82,MK543393.1,74.46,3e-18,106.0,278,129994,Eukaryota,Metazoa,Arthropoda,Insecta,Hymenoptera,Agaonidae,Eupristina,Eupristina verticillata
002cf59cd2e44a32182a87f3c418dd82,MK543392.1,74.46,3e-18,106.0,278,129994,Eukaryota,Metazoa,Arthropoda,Insecta,Hymenoptera,Agaonidae,Eupristina,Eupristina verticillata
002cf59cd2e44a32182a87f3c418dd82,EU699141.1,71.671,3e-18,106.0,413,554678,Eukaryota,Metazoa,Arthropoda,Insecta,Archaeognatha,Machilidae,Pedetontinus,Pedetontinus sp. 1 JYZ-2008
002cf59cd2e44a32182a87f3c418dd82,MG357372.1,72.857,1e-17,104.0,350,199051,Eukaryota,Metazoa,Arthropoda,Insecta,Lepidoptera,Gracillariidae,Phyllonorycter,Phyllonorycter maestingella
002cf59cd2e44a32182a87f3c418dd82,MW212930.1,72.997,1e-17,104.0,337,199051,Eukaryota,Metazoa,Arthropoda,Insecta,Lepidoptera,Gracillariidae,Phyllonorycter,Phyllonorycter maestingella
002cf59cd2e44a32182a87f3c418dd82,MW384913.1,78.481,1e-17,104.0,158,2026674,Eukaryota,Metazoa,Arthropoda,Diplopoda,Polydesmida,Paradoxosomatidae,Tylopus,Tylopus sp. 4 ADN-2017
002cf59cd2e44a32182a87f3c418dd82,EU009016.1,79.333,1e-17,104.0,150,55281,Eukaryota,Metazoa,Mollusca,Cephalopoda,,Idiosepiidae,Idiosepius,Idiosepius pygmaeus
002cf59cd2e44a32182a87f3c418dd82,EU009013.1,79.333,1e-17,104.0,150,55281,Eukaryota,Metazoa,Mollusca,Cephalopoda,,Idiosepiidae,Idiosepius,Idiosepius pygmaeus
002cf59cd2e44a32182a87f3c418dd82,EU009009.1,79.333,1e-17,104.0,150,55281,Eukaryota,Metazoa,Mollusca,Cephalopoda,,Idiosepiidae,Idiosepius,Idiosepius pygmaeus
002cf59cd2e44a32182a87f3c418dd82,EU009010.1,79.333,1e-17,104.0,150,55281,Eukaryota,Metazoa,Mollusca,Cephalopoda,,Idiosepiidae,Idiosepius,Idiosepius pygmaeus
002cf59cd2e44a32182a87f3c418dd82,EU009005.1,79.333,1e-17,104.0,150,55281,Eukaryota,Metazoa,Mollusca,Cephalopoda,,Idiosepiidae,Idiosepius,Idiosepius pygmaeus
002cf59cd2e44a32182a87f3c418dd82,EU009007.1,79.333,1e-17,104.0,150,55281,Eukaryota,Metazoa,Mollusca,Cephalopoda,,Idiosepiidae,Idiosepius,Idiosepius pygmaeus
002cf59cd2e44a32182a87f3c418dd82,EU009006.1,79.333,1e-17,104.0,150,55281,Eukaryota,Metazoa,Mollusca,Cephalopoda,,Idiosepiidae,Idiosepius,Idiosepius pygmaeus
002cf59cd2e44a32182a87f3c418dd82,EU009002.1,79.333,1e-17,104.0,150,55281,Eukaryota,Metazoa,Mollusca,Cephalopoda,,Idiosepiidae,Idiosepius,Idiosepius pygmaeus
002cf59cd2e44a32182a87f3c418dd82,EU008999.1,79.333,1e-17,104.0,150,55281,Eukaryota,Metazoa,Mollusca,Cephalopoda,,Idiosepiidae,Idiosepius,Idiosepius pygmaeus
002cf59cd2e44a32182a87f3c418dd82,EU009000.1,79.333,1e-17,104.0,150,55281,Eukaryota,Metazoa,Mollusca,Cephalopoda,,Idiosepiidae,Idiosepius,Idiosepius pygmaeus
002cf59cd2e44a32182a87f3c418dd82,MN182864.1,72.394,4e-17,102.0,355,2696797,Eukaryota,Metazoa,Arthropoda,Insecta,Coleoptera,Oedemeridae,Oedemera,Oedemera atrata
002cf59cd2e44a32182a87f3c418dd82,MN182855.1,72.394,4e-17,102.0,355,2696797,Eukaryota,Metazoa,Arthropoda,Insecta,Coleoptera,Oedemeridae,Oedemera,Oedemera atrata
002cf59cd2e44a32182a87f3c418dd82,MG514842.1,72.34,4e-17,102.0,376,2476779,Eukaryota,Metazoa,Arthropoda,Insecta,Hymenoptera,Pteromalidae,,Pteromalidae sp. BIOUG04641-E02
002cf59cd2e44a32182a87f3c418dd82,KY509112.1,73.463,4e-17,102.0,309,1939904,Eukaryota,Metazoa,Arthropoda,Insecta,Hemiptera,,,Hemiptera sp. EMEC 1160082
